-- MySQL dump 10.13  Distrib 8.0.26, for macos11 (x86_64)
--
-- Host: localhost    Database: pokemon
-- ------------------------------------------------------
-- Server version	8.0.26

/*!40101 SET @OLD_CHARACTER_SET_CLIENT=@@CHARACTER_SET_CLIENT */;
/*!40101 SET @OLD_CHARACTER_SET_RESULTS=@@CHARACTER_SET_RESULTS */;
/*!40101 SET @OLD_COLLATION_CONNECTION=@@COLLATION_CONNECTION */;
/*!50503 SET NAMES utf8mb4 */;
/*!40103 SET @OLD_TIME_ZONE=@@TIME_ZONE */;
/*!40103 SET TIME_ZONE='+00:00' */;
/*!40014 SET @OLD_UNIQUE_CHECKS=@@UNIQUE_CHECKS, UNIQUE_CHECKS=0 */;
/*!40014 SET @OLD_FOREIGN_KEY_CHECKS=@@FOREIGN_KEY_CHECKS, FOREIGN_KEY_CHECKS=0 */;
/*!40101 SET @OLD_SQL_MODE=@@SQL_MODE, SQL_MODE='NO_AUTO_VALUE_ON_ZERO' */;
/*!40111 SET @OLD_SQL_NOTES=@@SQL_NOTES, SQL_NOTES=0 */;

--
-- Table structure for table `Abilities`
--

DROP TABLE IF EXISTS `Abilities`;
/*!40101 SET @saved_cs_client     = @@character_set_client */;
/*!50503 SET character_set_client = utf8mb4 */;
CREATE TABLE `Abilities` (
  `ability_ID` int DEFAULT NULL,
  `ability_1` char(20) DEFAULT NULL,
  `ability_2` char(20) DEFAULT NULL,
  `ability_hidden` char(20) DEFAULT NULL
) ENGINE=InnoDB DEFAULT CHARSET=utf8mb4 COLLATE=utf8mb4_0900_ai_ci;
/*!40101 SET character_set_client = @saved_cs_client */;

--
-- Dumping data for table `Abilities`
--

LOCK TABLES `Abilities` WRITE;
/*!40000 ALTER TABLE `Abilities` DISABLE KEYS */;
INSERT INTO `Abilities` VALUES (1,'Overgrow','None','Chlorophyll'),(2,'Thick Fat','None','None'),(3,'Blaze','None','Solar Power'),(4,'Tough Claws','None','None'),(5,'Drought','None','None'),(6,'Torrent','None','Rain Dish'),(7,'Mega Launcher','None','None'),(8,'Shield Dust','None','Run Away'),(9,'Shed Skin','None','None'),(10,'Compound Eyes','None','Tinted Lens'),(11,'Swarm','None','Sniper'),(12,'Adaptability','None','None'),(13,'Keen Eye','Tangled Feet','Big Pecks'),(14,'No Guard','None','None'),(15,'Run Away','Guts','Hustle'),(16,'Gluttony','Hustle','Thick Fat'),(17,'Keen Eye','None','Sniper'),(18,'Intimidate','Shed Skin','Unnerve'),(19,'Static','None','Lightning Rod'),(20,'None','None','Lightning Rod'),(21,'Surge Surfer','None','None'),(22,'Sand Veil','None','Sand Rush'),(23,'Snow Cloak','None','Slush Rush'),(24,'Poison Point','Rivalry','Hustle'),(25,'Poison Point','Rivalry','Sheer Force'),(26,'Cute Charm','Magic Guard','Friend Guard'),(27,'Cute Charm','Magic Guard','Unaware'),(28,'Flash Fire','None','Drought'),(29,'Snow Cloak','None','Snow Warning'),(30,'Cute Charm','Competitive','Friend Guard'),(31,'Cute Charm','Competitive','Frisk'),(32,'Inner Focus','None','Infiltrator'),(33,'Chlorophyll','None','Run Away'),(34,'Chlorophyll','None','Stench'),(35,'Chlorophyll','None','Effect Spore'),(36,'Effect Spore','Dry Skin','Damp'),(37,'Compound Eyes','Tinted Lens','Run Away'),(38,'Shield Dust','Tinted Lens','Wonder Skin'),(39,'Sand Veil','Arena Trap','Sand Force'),(40,'Sand Veil','Tangling Hair','Sand Force'),(41,'Pickup','Technician','Unnerve'),(42,'Pickup','Technician','Rattled'),(43,'Pickup','Tough Claws','Unnerve'),(44,'Limber','Technician','Unnerve'),(45,'Fur Coat','Technician','Rattled'),(46,'Damp','Cloud Nine','Swift Swim'),(47,'Vital Spirit','Anger Point','Defiant'),(48,'Intimidate','Flash Fire','Justified'),(49,'Water Absorb','Damp','Swift Swim'),(50,'Synchronize','Inner Focus','Magic Guard'),(51,'Trace','None','None'),(52,'Guts','No Guard','Steadfast'),(53,'Chlorophyll','None','Gluttony'),(54,'Clear Body','Liquid Ooze','Rain Dish'),(55,'Rock Head','Sturdy','Sand Veil'),(56,'Magnet Pull','Sturdy','Galvanize'),(57,'Run Away','Flash Fire','Flame Body'),(58,'Run Away','Pastel Veil','Anticipation'),(59,'Oblivious','Own Tempo','Regenerator'),(60,'Shell Armor','None','None'),(61,'Magnet Pull','Sturdy','Analytic'),(62,'Keen Eye','Inner Focus','Defiant'),(63,'Steadfast','None','Scrappy'),(64,'Run Away','Early Bird','Tangled Feet'),(65,'Thick Fat','Hydration','Ice Body'),(66,'Stench','Sticky Hold','Poison Touch'),(67,'Poison Touch','Gluttony','Power of Alchemy'),(68,'Shell Armor','Skill Link','Overcoat'),(69,'Levitate','None','None'),(70,'Cursed Body','None','None'),(71,'Shadow Tag','None','None'),(72,'Rock Head','Sturdy','Weak Armor'),(73,'Insomnia','Forewarn','Inner Focus'),(74,'Hyper Cutter','Shell Armor','Sheer Force'),(75,'Soundproof','Static','Aftermath'),(76,'Chlorophyll','None','Harvest'),(77,'Frisk','None','Harvest'),(78,'Rock Head','Lightning Rod','Battle Armor'),(79,'Cursed Body','Lightning Rod','Rock Head'),(80,'Limber','Reckless','Unburden'),(81,'Keen Eye','Iron Fist','Inner Focus'),(82,'Own Tempo','Oblivious','Cloud Nine'),(83,'Levitate','Neutralizing Gas','Stench'),(84,'Levitate','Neutralizing Gas','Misty Surge'),(85,'Lightning Rod','Rock Head','Reckless'),(86,'Natural Cure','Serene Grace','Healer'),(87,'Chlorophyll','Leaf Guard','Regenerator'),(88,'Early Bird','Scrappy','Inner Focus'),(89,'Parental Bond','None','None'),(90,'Swift Swim','Sniper','Damp'),(91,'Poison Point','Sniper','Damp'),(92,'Swift Swim','Water Veil','Lightning Rod'),(93,'Illuminate','Natural Cure','Analytic'),(94,'Soundproof','Filter','Technician'),(95,'Vital Spirit','Screen Cleaner','Ice Body'),(96,'Swarm','Technician','Steadfast'),(97,'Oblivious','Forewarn','Dry Skin'),(98,'Static','None','Vital Spirit'),(99,'Flame Body','None','Vital Spirit'),(100,'Hyper Cutter','Mold Breaker','Moxie'),(101,'Aerilate','None','None'),(102,'Intimidate','Anger Point','Sheer Force'),(103,'Swift Swim','None','Rattled'),(104,'Intimidate','None','Moxie'),(105,'Mold Breaker','None','None'),(106,'Water Absorb','Shell Armor','Hydration'),(107,'Limber','None','Imposter'),(108,'Run Away','Adaptability','Anticipation'),(109,'None','None','Anticipation'),(110,'Water Absorb','None','Hydration'),(111,'Volt Absorb','None','Quick Feet'),(112,'Flash Fire','None','Guts'),(113,'Trace','Download','Analytic'),(114,'Swift Swim','Shell Armor','Weak Armor'),(115,'Swift Swim','Battle Armor','Weak Armor'),(116,'Rock Head','Pressure','Unnerve'),(117,'Immunity','Thick Fat','Gluttony'),(118,'Pressure','None','Snow Cloak'),(119,'Pressure','None','Static'),(120,'Pressure','None','Flame Body'),(121,'Shed Skin','None','Marvel Scale'),(122,'Inner Focus','None','Multiscale'),(123,'Pressure','None','Unnerve'),(124,'Steadfast','None','None'),(125,'Insomnia','None','None'),(126,'Synchronize','None','None'),(127,'Overgrow','None','Leaf Guard'),(128,'Blaze','None','Flash Fire'),(129,'Torrent','None','Sheer Force'),(130,'Run Away','Keen Eye','Frisk'),(131,'Insomnia','Keen Eye','Tinted Lens'),(132,'Swarm','Early Bird','Rattled'),(133,'Swarm','Early Bird','Iron Fist'),(134,'Swarm','Insomnia','Sniper'),(135,'Volt Absorb','Illuminate','Water Absorb'),(136,'Hustle','Serene Grace','Super Luck'),(137,'Synchronize','Early Bird','Magic Bounce'),(138,'Static','None','Plus'),(139,'Chlorophyll','None','Healer'),(140,'Thick Fat','Huge Power','Sap Sipper'),(141,'Sturdy','Rock Head','Rattled'),(142,'Water Absorb','Damp','Drizzle'),(143,'Chlorophyll','Leaf Guard','Infiltrator'),(144,'Run Away','Pickup','Skill Link'),(145,'Chlorophyll','Solar Power','Early Bird'),(146,'Speed Boost','Compound Eyes','Frisk'),(147,'Damp','Water Absorb','Unaware'),(148,'Synchronize','None','Magic Bounce'),(149,'Synchronize','None','Inner Focus'),(150,'Insomnia','Super Luck','Prankster'),(151,'Shadow Tag','None','Telepathy'),(152,'Inner Focus','Early Bird','Sap Sipper'),(153,'Sturdy','None','Overcoat'),(154,'Serene Grace','Run Away','Rattled'),(155,'Hyper Cutter','Sand Veil','Immunity'),(156,'Rock Head','Sturdy','Sheer Force'),(157,'Sand Force','None','None'),(158,'Intimidate','Run Away','Rattled'),(159,'Intimidate','Quick Feet','Rattled'),(160,'Poison Point','Swift Swim','Intimidate'),(161,'Swarm','Technician','Light Metal'),(162,'Technician','None','None'),(163,'Sturdy','Gluttony','Contrary'),(164,'Swarm','Guts','Moxie'),(165,'Skill Link','None','None'),(166,'Inner Focus','Keen Eye','Pickpocket'),(167,'Pickup','Quick Feet','Honey Gather'),(168,'Guts','Quick Feet','Unnerve'),(169,'Magma Armor','Flame Body','Weak Armor'),(170,'Oblivious','Snow Cloak','Thick Fat'),(171,'Hustle','Natural Cure','Regenerator'),(172,'Weak Armor','None','Cursed Body'),(173,'Hustle','Sniper','Moody'),(174,'Suction Cups','Sniper','Moody'),(175,'Vital Spirit','Hustle','Insomnia'),(176,'Swift Swim','Water Absorb','Water Veil'),(177,'Keen Eye','Sturdy','Weak Armor'),(178,'Early Bird','Flash Fire','Unnerve'),(179,'Solar Power','None','None'),(180,'Pickup','None','Sand Veil'),(181,'Sturdy','None','Sand Veil'),(182,'Intimidate','Frisk','Sap Sipper'),(183,'Own Tempo','Technician','Moody'),(184,'Guts','Steadfast','Vital Spirit'),(185,'Intimidate','Technician','Steadfast'),(186,'Oblivious','Forewarn','Hydration'),(187,'Thick Fat','Scrappy','Sap Sipper'),(188,'Pressure','None','Inner Focus'),(189,'Guts','None','Sand Veil'),(190,'Sand Stream','None','Unnerve'),(191,'Sand Stream','None','None'),(192,'Pressure','None','Multiscale'),(193,'Pressure','None','Regenerator'),(194,'Natural Cure','None','None'),(195,'Overgrow','None','Unburden'),(196,'Lightning Rod','None','None'),(197,'Blaze','None','Speed Boost'),(198,'Speed Boost','None','None'),(199,'Torrent','None','Damp'),(200,'Swift Swim','None','None'),(201,'Run Away','Quick Feet','Rattled'),(202,'Intimidate','Quick Feet','Moxie'),(203,'Pickup','Gluttony','Quick Feet'),(204,'Swarm','None','Rivalry'),(205,'Shield Dust','None','Compound Eyes'),(206,'Swift Swim','Rain Dish','Own Tempo'),(207,'Chlorophyll','Early Bird','Pickpocket'),(208,'Guts','None','Scrappy'),(209,'Keen Eye','Hydration','Rain Dish'),(210,'Keen Eye','Drizzle','Rain Dish'),(211,'Synchronize','Trace','Telepathy'),(212,'Pixilate','None','None'),(213,'Swift Swim','None','Rain Dish'),(214,'Intimidate','None','Unnerve'),(215,'Effect Spore','Poison Heal','Quick Feet'),(216,'Effect Spore','Poison Heal','Technician'),(217,'Truant','None','None'),(218,'Vital Spirit','None','None'),(219,'Compound Eyes','None','Run Away'),(220,'Speed Boost','None','Infiltrator'),(221,'Wonder Guard','None','None'),(222,'Soundproof','None','Rattled'),(223,'Soundproof','None','Scrappy'),(224,'Thick Fat','Guts','Sheer Force'),(225,'Sturdy','Magnet Pull','Sand Force'),(226,'Cute Charm','Normalize','Wonder Skin'),(227,'Keen Eye','Stall','Prankster'),(228,'Magic Bounce','None','None'),(229,'Hyper Cutter','Intimidate','Sheer Force'),(230,'Huge Power','None','None'),(231,'Sturdy','Rock Head','Heavy Metal'),(232,'Filter','None','None'),(233,'Pure Power','None','Telepathy'),(234,'Pure Power','None','None'),(235,'Static','Lightning Rod','Minus'),(236,'Intimidate','None','None'),(237,'Plus','None','Lightning Rod'),(238,'Minus','None','Volt Absorb'),(239,'Illuminate','Swarm','Prankster'),(240,'Oblivious','Tinted Lens','Prankster'),(241,'Natural Cure','Poison Point','Leaf Guard'),(242,'Liquid Ooze','Sticky Hold','Gluttony'),(243,'Rough Skin','None','Speed Boost'),(244,'Strong Jaw','None','None'),(245,'Water Veil','Oblivious','Pressure'),(246,'Oblivious','Simple','Own Tempo'),(247,'Magma Armor','Solid Rock','Anger Point'),(248,'Sheer Force','None','None'),(249,'White Smoke','Drought','Shell Armor'),(250,'Thick Fat','Own Tempo','Gluttony'),(251,'Own Tempo','Tangled Feet','Contrary'),(252,'Hyper Cutter','Arena Trap','Sheer Force'),(253,'Sand Veil','None','Water Absorb'),(254,'Natural Cure','None','Cloud Nine'),(255,'Immunity','None','Toxic Boost'),(256,'Shed Skin','None','Infiltrator'),(257,'Oblivious','Anticipation','Hydration'),(258,'Hyper Cutter','Shell Armor','Adaptability'),(259,'Suction Cups','None','Storm Drain'),(260,'Battle Armor','None','Swift Swim'),(261,'Swift Swim','Oblivious','Adaptability'),(262,'Marvel Scale','Competitive','Cute Charm'),(263,'Forecast','None','None'),(264,'Color Change','None','Protean'),(265,'Insomnia','Frisk','Cursed Body'),(266,'Prankster','None','None'),(267,'Levitate','None','Frisk'),(268,'Pressure','None','Frisk'),(269,'Chlorophyll','Solar Power','Harvest'),(270,'Pressure','Super Luck','Justified'),(271,'Inner Focus','Ice Body','Moody'),(272,'Refrigerate','None','None'),(273,'Thick Fat','Ice Body','Oblivious'),(274,'Shell Armor','None','Rattled'),(275,'Swift Swim','None','Water Veil'),(276,'Swift Swim','None','Hydration'),(277,'Swift Swim','Rock Head','Sturdy'),(278,'Rock Head','None','Sheer Force'),(279,'Rock Head','None','Overcoat'),(280,'Clear Body','None','Light Metal'),(281,'Clear Body','None','Sturdy'),(282,'Clear Body','None','Ice Body'),(283,'Drizzle','None','None'),(284,'Primordial Sea','None','None'),(285,'Desolate Land','None','None'),(286,'Air Lock','None','None'),(287,'Delta Stream','None','None'),(288,'Serene Grace','None','None'),(289,'Pressure','None','None'),(290,'Overgrow','None','Shell Armor'),(291,'Blaze','None','Iron Fist'),(292,'Torrent','None','Defiant'),(293,'Keen Eye','None','Reckless'),(294,'Intimidate','None','Reckless'),(295,'Simple','Unaware','Moody'),(296,'Shed Skin','None','Run Away'),(297,'Swarm','None','Technician'),(298,'Rivalry','Intimidate','Guts'),(299,'Natural Cure','Poison Point','Technician'),(300,'Mold Breaker','None','Sheer Force'),(301,'Sturdy','None','Soundproof'),(302,'Shed Skin','None','Overcoat'),(303,'Anticipation','None','Overcoat'),(304,'Swarm','None','Tinted Lens'),(305,'Honey Gather','None','Hustle'),(306,'Run Away','Pickup','Volt Absorb'),(307,'Chlorophyll','None','None'),(308,'Flower Gift','None','None'),(309,'Sticky Hold','Storm Drain','Sand Force'),(310,'Technician','Pickup','Skill Link'),(311,'Aftermath','Unburden','Flare Boost'),(312,'Run Away','Klutz','Limber'),(313,'Cute Charm','Klutz','Limber'),(314,'Scrappy','None','None'),(315,'Insomnia','Super Luck','Moxie'),(316,'Limber','Own Tempo','Keen Eye'),(317,'Thick Fat','Own Tempo','Defiant'),(318,'Stench','Aftermath','Keen Eye'),(319,'Levitate','Heatproof','Heavy Metal'),(320,'Natural Cure','Serene Grace','Friend Guard'),(321,'Pressure','None','Infiltrator'),(322,'Sand Veil','None','Rough Skin'),(323,'Pickup','Thick Fat','Gluttony'),(324,'Steadfast','Inner Focus','Prankster'),(325,'Steadfast','Inner Focus','Justified'),(326,'Sand Stream','None','Sand Force'),(327,'Battle Armor','Sniper','Keen Eye'),(328,'Anticipation','Dry Skin','Poison Touch'),(329,'Swift Swim','Storm Drain','Water Veil'),(330,'Snow Warning','None','Soundproof'),(331,'Snow Warning','None','None'),(332,'Pressure','None','Pickpocket'),(333,'Lightning Rod','Solid Rock','Reckless'),(334,'Motor Drive','None','Vital Spirit'),(335,'Speed Boost','Tinted Lens','Frisk'),(336,'Leaf Guard','None','Chlorophyll'),(337,'Snow Cloak','None','Ice Body'),(338,'Hyper Cutter','Sand Veil','Poison Heal'),(339,'Adaptability','Download','Analytic'),(340,'Steadfast','None','Justified'),(341,'Inner Focus','None','None'),(342,'Snow Cloak','None','Cursed Body'),(343,'Pressure','None','Telepathy'),(344,'Flash Fire','None','Flame Body'),(345,'Slow Start','None','None'),(346,'Hydration','None','None'),(347,'Bad Dreams','None','None'),(348,'Multitype','None','None'),(349,'Victory Star','None','None'),(350,'Overgrow','None','Contrary'),(351,'Blaze','None','Thick Fat'),(352,'Blaze','None','Reckless'),(353,'Torrent','None','Shell Armor'),(354,'Run Away','Keen Eye','Analytic'),(355,'Illuminate','Keen Eye','Analytic'),(356,'Vital Spirit','Pickup','Run Away'),(357,'Intimidate','Sand Rush','Scrappy'),(358,'Limber','Unburden','Prankster'),(359,'Gluttony','None','Overgrow'),(360,'Gluttony','None','Blaze'),(361,'Gluttony','None','Torrent'),(362,'Forewarn','Synchronize','Telepathy'),(363,'Big Pecks','Super Luck','Rivalry'),(364,'Lightning Rod','Motor Drive','Sap Sipper'),(365,'Sturdy','Weak Armor','Sand Force'),(366,'Sturdy','Sand Stream','Sand Force'),(367,'Unaware','Klutz','Simple'),(368,'Sand Rush','Sand Force','Mold Breaker'),(369,'Healer','Regenerator','Klutz'),(370,'Healer','None','None'),(371,'Guts','Sheer Force','Iron Fist'),(372,'Swift Swim','Hydration','Water Absorb'),(373,'Swift Swim','Poison Touch','Water Absorb'),(374,'Guts','Inner Focus','Mold Breaker'),(375,'Sturdy','Inner Focus','Mold Breaker'),(376,'Swarm','Chlorophyll','Overcoat'),(377,'Leaf Guard','Chlorophyll','Overcoat'),(378,'Poison Point','Swarm','Speed Boost'),(379,'Prankster','Infiltrator','Chlorophyll'),(380,'Chlorophyll','Own Tempo','Leaf Guard'),(381,'Reckless','Adaptability','Mold Breaker'),(382,'Rock Head','Adaptability','Mold Breaker'),(383,'Intimidate','Moxie','Anger Point'),(384,'Hustle','None','Inner Focus'),(385,'Sheer Force','None','Zen Mode'),(386,'Gorilla Tactics','None','Zen Mode'),(387,'Water Absorb','Chlorophyll','Storm Drain'),(388,'Sturdy','Shell Armor','Weak Armor'),(389,'Shed Skin','Moxie','Intimidate'),(390,'Wonder Skin','Magic Guard','Tinted Lens'),(391,'Mummy','None','None'),(392,'Wandering Spirit','None','None'),(393,'Solid Rock','Sturdy','Swift Swim'),(394,'Defeatist','None','None'),(395,'Stench','Sticky Hold','Aftermath'),(396,'Stench','Weak Armor','Aftermath'),(397,'Illusion','None','None'),(398,'Cute Charm','Technician','Skill Link'),(399,'Frisk','Competitive','Shadow Tag'),(400,'Overcoat','Magic Guard','Regenerator'),(401,'Keen Eye','Big Pecks','Hydration'),(402,'Ice Body','Snow Cloak','Weak Armor'),(403,'Ice Body','Snow Warning','Weak Armor'),(404,'Chlorophyll','Sap Sipper','Serene Grace'),(405,'Static','None','Motor Drive'),(406,'Swarm','Shed Skin','No Guard'),(407,'Swarm','Shell Armor','Overcoat'),(408,'Effect Spore','None','Regenerator'),(409,'Water Absorb','Cursed Body','Damp'),(410,'Healer','Hydration','Regenerator'),(411,'Compound Eyes','Unnerve','Swarm'),(412,'Iron Barbs','None','Anticipation'),(413,'Plus','Minus','Clear Body'),(414,'Telepathy','Synchronize','Analytic'),(415,'Flash Fire','Flame Body','Infiltrator'),(416,'Rivalry','Mold Breaker','Unnerve'),(417,'Snow Cloak','Slush Rush','Rattled'),(418,'Snow Cloak','Slush Rush','Swift Swim'),(419,'Hydration','Shell Armor','Overcoat'),(420,'Hydration','Sticky Hold','Unburden'),(421,'Static','Limber','Sand Veil'),(422,'Mimicry','None','None'),(423,'Inner Focus','Regenerator','Reckless'),(424,'Rough Skin','Sheer Force','Mold Breaker'),(425,'Iron Fist','Klutz','No Guard'),(426,'Defiant','Inner Focus','Pressure'),(427,'Reckless','Sap Sipper','Soundproof'),(428,'Keen Eye','Sheer Force','Hustle'),(429,'Keen Eye','Sheer Force','Defiant'),(430,'Big Pecks','Overcoat','Weak Armor'),(431,'Gluttony','Flash Fire','White Smoke'),(432,'Swarm','Hustle','Truant'),(433,'Hustle','None','None'),(434,'Flame Body','None','Swarm'),(435,'Justified','None','None'),(436,'Prankster','None','Defiant'),(437,'Regenerator','None','None'),(438,'Volt Absorb','None','None'),(439,'Turboblaze','None','None'),(440,'Teravolt','None','None'),(441,'Sand Force','None','Sheer Force'),(442,'Download','None','None'),(443,'Overgrow','None','Bulletproof'),(444,'Blaze','None','Magician'),(445,'Torrent','None','Protean'),(446,'Battle Bond','None','None'),(447,'Pickup','Cheek Pouch','Huge Power'),(448,'Big Pecks','None','Gale Wings'),(449,'Flame Body','None','Gale Wings'),(450,'Shield Dust','Compound Eyes','Friend Guard'),(451,'Shed Skin','None','Friend Guard'),(452,'Rivalry','Unnerve','Moxie'),(453,'Flower Veil','None','Symbiosis'),(454,'Sap Sipper','None','Grass Pelt'),(455,'Iron Fist','Mold Breaker','Scrappy'),(456,'Fur Coat','None','None'),(457,'Keen Eye','Infiltrator','Own Tempo'),(458,'Keen Eye','Infiltrator','Prankster'),(459,'Keen Eye','Infiltrator','Competitive'),(460,'Stance Change','None','None'),(461,'Healer','None','Aroma Veil'),(462,'Sweet Veil','None','Unburden'),(463,'Contrary','Suction Cups','Infiltrator'),(464,'Sniper','Tough Claws','Pickpocket'),(465,'Poison Point','Poison Touch','Adaptability'),(466,'Dry Skin','Sand Veil','Solar Power'),(467,'Strong Jaw','None','Sturdy'),(468,'Strong Jaw','None','Rock Head'),(469,'Refrigerate','None','Snow Warning'),(470,'Cute Charm','None','Pixilate'),(471,'Limber','Unburden','Mold Breaker'),(472,'Cheek Pouch','Pickup','Plus'),(473,'Sap Sipper','Hydration','Gooey'),(474,'Prankster','None','Magician'),(475,'Natural Cure','Frisk','Harvest'),(476,'Pickup','Frisk','Insomnia'),(477,'Own Tempo','Ice Body','Sturdy'),(478,'Frisk','Infiltrator','Telepathy'),(479,'Fairy Aura','None','None'),(480,'Dark Aura','None','None'),(481,'Aura Break','Power Construct','None'),(482,'Power Construct','None','None'),(483,'Clear Body','None','None'),(484,'Magician','None','None'),(485,'Water Absorb','None','None'),(486,'Overgrow','None','Long Reach'),(487,'Blaze','None','Intimidate'),(488,'Torrent','None','Liquid Voice'),(489,'Keen Eye','Skill Link','Pickup'),(490,'Keen Eye','Skill Link','Sheer Force'),(491,'Strong Jaw','Stakeout','Adaptability'),(492,'Swarm','None','None'),(493,'Battery','None','None'),(494,'Hyper Cutter','Iron Fist','Anger Point'),(495,'Dancer','None','None'),(496,'Honey Gather','Shield Dust','Sweet Veil'),(497,'Keen Eye','Vital Spirit','Steadfast'),(498,'Own Tempo','None','None'),(499,'Keen Eye','Sand Rush','Steadfast'),(500,'Keen Eye','Vital Spirit','No Guard'),(501,'Schooling','None','None'),(502,'Merciless','Limber','Regenerator'),(503,'Own Tempo','Stamina','Inner Focus'),(504,'Water Bubble','None','Water Absorb'),(505,'Leaf Guard','None','Contrary'),(506,'Illuminate','Effect Spore','Rain Dish'),(507,'Corrosion','None','Oblivious'),(508,'Fluffy','Klutz','Cute Charm'),(509,'Fluffy','Klutz','Unnerve'),(510,'Leaf Guard','Oblivious','Sweet Veil'),(511,'Leaf Guard','Queenly Majesty','Sweet Veil'),(512,'Flower Veil','Triage','Natural Cure'),(513,'Inner Focus','Telepathy','Symbiosis'),(514,'Receiver','None','Defiant'),(515,'Wimp Out','None','None'),(516,'Emergency Exit','None','None'),(517,'Water Compaction','None','Sand Veil'),(518,'Innards Out','None','Unaware'),(519,'Battle Armor','None','None'),(520,'RKS System','None','None'),(521,'Shields Down','None','None'),(522,'Comatose','None','None'),(523,'Iron Barbs','Lightning Rod','Sturdy'),(524,'Disguise','None','None'),(525,'Dazzling','Strong Jaw','Wonder Skin'),(526,'Berserk','Sap Sipper','Cloud Nine'),(527,'Steelworker','None','None'),(528,'Bulletproof','Soundproof','Overcoat'),(529,'Electric Surge','None','Telepathy'),(530,'Psychic Surge','None','Telepathy'),(531,'Grassy Surge','None','Telepathy'),(532,'Misty Surge','None','Telepathy'),(533,'Unaware','None','None'),(534,'Sturdy','None','None'),(535,'Full Metal Body','None','None'),(536,'Shadow Shield','None','None'),(537,'Beast Boost','None','None'),(538,'Prism Armor','None','None'),(539,'Neuroforce','None','None'),(540,'Soul-Heart','None','None'),(541,'Magnet Pull','None','None'),(542,'Iron Fist','None','None'),(543,'Overgrow','None','Grassy Surge'),(544,'Blaze','None','Libero'),(545,'Torrent','None','Sniper'),(546,'Cheek Pouch','None','Gluttony'),(547,'Keen Eye','Unnerve','Big Pecks'),(548,'Pressure','Unnerve','Mirror Armor'),(549,'Swarm','Compound Eyes','Telepathy'),(550,'Swarm','Frisk','Telepathy'),(551,'Run Away','Unburden','Stakeout'),(552,'Cotton Down','Regenerator','Effect Spore'),(553,'Fluffy','Run Away','Bulletproof'),(554,'Fluffy','Steadfast','Bulletproof'),(555,'Strong Jaw','Shell Armor','Swift Swim'),(556,'Ball Fetch','None','Rattled'),(557,'Strong Jaw','None','Competitive'),(558,'Steam Engine','Heatproof','Flash Fire'),(559,'Steam Engine','Flame Body','Flash Fire'),(560,'Ripen','Gluttony','Bulletproof'),(561,'Ripen','Gluttony','Hustle'),(562,'Ripen','Gluttony','Thick Fat'),(563,'Sand Spit','Shed Skin','Sand Veil'),(564,'Gulp Missile','None','None'),(565,'Swift Swim','None','Propeller Tail'),(566,'Rattled','Static','Klutz'),(567,'Punk Rock','Minus','Technician'),(568,'Punk Rock','Plus','Technician'),(569,'Flash Fire','White Smoke','Flame Body'),(570,'Limber','None','Technician'),(571,'Healer','Anticipation','Magic Bounce'),(572,'Prankster','Frisk','Pickpocket'),(573,'Reckless','Guts','Defiant'),(574,'Battle Armor','Tough Claws','Steely Spirit'),(575,'Weak Armor','None','Perish Body'),(576,'Tangled Feet','Screen Cleaner','Ice Body'),(577,'Sweet Veil','None','Aroma Veil'),(578,'Battle Armor','None','Defiant'),(579,'Lightning Rod','None','Electric Surge'),(580,'Shield Dust','None','Ice Scales'),(581,'Power Spot','None','None'),(582,'Ice Face','None','None'),(583,'Inner Focus','Synchronize','Psychic Surge'),(584,'Own Tempo','Synchronize','Psychic Surge'),(585,'Hunger Switch','None','None'),(586,'Sheer Force','None','Heavy Metal'),(587,'Volt Absorb','Hustle','Sand Rush'),(588,'Volt Absorb','Static','Slush Rush'),(589,'Water Absorb','Strong Jaw','Sand Rush'),(590,'Water Absorb','Ice Body','Slush Rush'),(591,'Light Metal','Heavy Metal','Stalwart'),(592,'Clear Body','Infiltrator','Cursed Body'),(593,'Intrepid Sword','None','None'),(594,'Dauntless Shield','None','None'),(595,'None','None','None');
/*!40000 ALTER TABLE `Abilities` ENABLE KEYS */;
UNLOCK TABLES;

--
-- Table structure for table `Characteristics`
--

DROP TABLE IF EXISTS `Characteristics`;
/*!40101 SET @saved_cs_client     = @@character_set_client */;
/*!50503 SET character_set_client = utf8mb4 */;
CREATE TABLE `Characteristics` (
  `name` varchar(40) DEFAULT NULL,
  `pokedex_number` int DEFAULT NULL,
  `generation` int DEFAULT NULL,
  `status` varchar(20) DEFAULT NULL,
  `species_ID` int DEFAULT NULL,
  `typing_ID` int DEFAULT NULL,
  `height_m` varchar(20) DEFAULT NULL,
  `weight_kg` varchar(20) DEFAULT NULL,
  `ability_ID` int DEFAULT NULL,
  `stats_ID` int DEFAULT NULL,
  `catch_rate` varchar(20) DEFAULT NULL,
  `percentage_male` varchar(20) DEFAULT NULL
) ENGINE=InnoDB DEFAULT CHARSET=utf8mb4 COLLATE=utf8mb4_0900_ai_ci;
/*!40101 SET character_set_client = @saved_cs_client */;

--
-- Dumping data for table `Characteristics`
--

LOCK TABLES `Characteristics` WRITE;
/*!40000 ALTER TABLE `Characteristics` DISABLE KEYS */;
INSERT INTO `Characteristics` VALUES ('Bulbasaur',1,1,'Normal',1,1,'0.7','6.9',1,1,'45.0','87.5'),('Ivysaur',2,1,'Normal',1,1,'1.0','13.0',1,2,'45.0','87.5'),('Venusaur',3,1,'Normal',1,1,'2.0','100.0',1,3,'45.0','87.5'),('Mega Venusaur',3,1,'Normal',1,1,'2.4','155.5',2,4,'45.0','87.5'),('Charmander',4,1,'Normal',2,2,'0.6','8.5',3,5,'45.0','87.5'),('Charmeleon',5,1,'Normal',3,2,'1.1','19.0',3,6,'45.0','87.5'),('Charizard',6,1,'Normal',3,3,'1.7','90.5',3,7,'45.0','87.5'),('Mega Charizard X',6,1,'Normal',3,4,'1.7','110.5',4,8,'45.0','87.5'),('Mega Charizard Y',6,1,'Normal',3,3,'1.7','100.5',5,9,'45.0','87.5'),('Squirtle',7,1,'Normal',4,5,'0.5','9.0',6,10,'45.0','87.5'),('Wartortle',8,1,'Normal',5,5,'1.0','22.5',6,11,'45.0','87.5'),('Blastoise',9,1,'Normal',6,5,'1.6','85.5',6,12,'45.0','87.5'),('Mega Blastoise',9,1,'Normal',6,5,'1.6','101.1',7,13,'45.0','87.5'),('Caterpie',10,1,'Normal',7,6,'0.3','2.9',8,14,'255.0','50.0'),('Metapod',11,1,'Normal',8,6,'0.7','9.9',9,15,'120.0','50.0'),('Butterfree',12,1,'Normal',9,7,'1.1','32.0',10,16,'45.0','50.0'),('Weedle',13,1,'Normal',10,8,'0.3','3.2',8,17,'255.0','50.0'),('Kakuna',14,1,'Normal',8,8,'0.6','10.0',9,18,'120.0','50.0'),('Beedrill',15,1,'Normal',11,8,'1.0','29.5',11,19,'45.0','50.0'),('Mega Beedrill',15,1,'Normal',11,8,'1.4','40.5',12,20,'45.0','50.0'),('Pidgey',16,1,'Normal',12,9,'0.3','1.8',13,21,'255.0','50.0'),('Pidgeotto',17,1,'Normal',13,9,'1.1','30.0',13,22,'120.0','50.0'),('Pidgeot',18,1,'Normal',13,9,'1.5','39.5',13,23,'45.0','50.0'),('Mega Pidgeot',18,1,'Normal',13,9,'2.2','50.5',14,24,'45.0','50.0'),('Rattata',19,1,'Normal',14,10,'0.3','3.5',15,25,'255.0','50.0'),('Alolan Rattata',19,1,'Normal',14,11,'0.3','3.8',16,25,'255.0','50.0'),('Raticate',20,1,'Normal',14,10,'0.7','18.5',15,26,'127.0','50.0'),('Alolan Raticate',20,1,'Normal',14,11,'0.7','25.5',16,27,'127.0','50.0'),('Spearow',21,1,'Normal',12,9,'0.3','2.0',17,28,'255.0','50.0'),('Fearow',22,1,'Normal',15,9,'1.2','38.0',17,29,'90.0','50.0'),('Ekans',23,1,'Normal',16,12,'2.0','6.9',18,30,'255.0','50.0'),('Arbok',24,1,'Normal',17,12,'3.5','65.0',18,31,'90.0','50.0'),('Pikachu',25,1,'Normal',14,13,'0.4','6.0',19,32,'190.0','50.0'),('Partner Pikachu',25,1,'Normal',14,13,'0.4','6.0',20,33,'190.0','50.0'),('Raichu',26,1,'Normal',14,13,'0.8','30.0',19,34,'75.0','50.0'),('Alolan Raichu',26,1,'Normal',14,14,'0.7','21.0',21,35,'75.0','50.0'),('Sandshrew',27,1,'Normal',14,15,'0.6','12.0',22,36,'255.0','50.0'),('Alolan Sandshrew',27,1,'Normal',14,16,'0.7','40.0',23,37,'255.0','50.0'),('Sandslash',28,1,'Normal',14,15,'1.0','29.5',22,38,'90.0','50.0'),('Alolan Sandslash',28,1,'Normal',14,16,'1.2','55.0',23,39,'90.0','50.0'),('Nidoran♀',29,1,'Normal',18,12,'0.4','7.0',24,40,'235.0','0.0'),('Nidorina',30,1,'Normal',18,12,'0.8','20.0',24,41,'120.0','0.0'),('Nidoqueen',31,1,'Normal',19,17,'1.3','60.0',25,42,'45.0','0.0'),('Nidoran♂',32,1,'Normal',18,12,'0.5','9.0',24,43,'235.0','100.0'),('Nidorino',33,1,'Normal',18,12,'0.9','19.5',24,44,'120.0','100.0'),('Nidoking',34,1,'Normal',19,17,'1.4','62.0',25,45,'45.0','100.0'),('Clefairy',35,1,'Normal',20,18,'0.6','7.5',26,46,'150.0','25.0'),('Clefable',36,1,'Normal',20,18,'1.3','40.0',27,47,'25.0','25.0'),('Vulpix',37,1,'Normal',21,2,'0.6','9.9',28,48,'190.0','25.0'),('Alolan Vulpix',37,1,'Normal',21,19,'0.6','9.9',29,48,'190.0','25.0'),('Ninetales',38,1,'Normal',21,2,'1.1','19.9',28,49,'75.0','25.0'),('Alolan Ninetales',38,1,'Normal',21,20,'1.1','19.9',29,50,'75.0','25.0'),('Jigglypuff',39,1,'Normal',22,21,'0.5','5.5',30,51,'170.0','25.0'),('Wigglytuff',40,1,'Normal',22,21,'1.0','12.0',31,52,'50.0','25.0'),('Zubat',41,1,'Normal',23,22,'0.8','7.5',32,53,'255.0','50.0'),('Golbat',42,1,'Normal',23,22,'1.6','55.0',32,54,'90.0','50.0'),('Oddish',43,1,'Normal',24,1,'0.5','5.4',33,55,'255.0','50.0'),('Gloom',44,1,'Normal',24,1,'0.8','8.6',34,56,'120.0','50.0'),('Vileplume',45,1,'Normal',25,1,'1.2','18.6',35,57,'45.0','50.0'),('Paras',46,1,'Normal',26,23,'0.3','5.4',36,58,'190.0','50.0'),('Parasect',47,1,'Normal',26,23,'1.0','29.5',36,59,'75.0','50.0'),('Venonat',48,1,'Normal',27,8,'1.0','30.0',37,60,'190.0','50.0'),('Venomoth',49,1,'Normal',28,8,'1.5','12.5',38,61,'75.0','50.0'),('Diglett',50,1,'Normal',29,15,'0.2','0.8',39,62,'255.0','50.0'),('Alolan Diglett',50,1,'Normal',29,24,'0.2','1.0',40,63,'255.0','50.0'),('Dugtrio',51,1,'Normal',29,15,'0.7','33.3',39,64,'50.0','50.0'),('Alolan Dugtrio',51,1,'Normal',29,24,'0.7','66.6',40,65,'50.0','50.0'),('Meowth',52,1,'Normal',30,10,'0.4','4.2',41,66,'255.0','50.0'),('Alolan Meowth',52,1,'Normal',30,25,'0.4','4.2',42,67,'255.0','50.0'),('Galarian Meowth',52,1,'Normal',30,26,'0.4','7.5',43,68,'None','None'),('Persian',53,1,'Normal',31,10,'1.0','32.0',44,69,'90.0','50.0'),('Alolan Persian',53,1,'Normal',31,25,'1.1','33.0',45,70,'90.0','50.0'),('Psyduck',54,1,'Normal',32,5,'0.8','19.6',46,71,'190.0','50.0'),('Golduck',55,1,'Normal',32,5,'1.7','76.6',46,72,'75.0','50.0'),('Mankey',56,1,'Normal',33,27,'0.5','28.0',47,73,'190.0','50.0'),('Primeape',57,1,'Normal',33,27,'1.0','32.0',47,74,'75.0','50.0'),('Growlithe',58,1,'Normal',34,2,'0.7','19.0',48,75,'190.0','75.0'),('Arcanine',59,1,'Normal',35,2,'1.9','155.0',48,76,'75.0','75.0'),('Poliwag',60,1,'Normal',36,5,'0.6','12.4',49,77,'255.0','50.0'),('Poliwhirl',61,1,'Normal',36,5,'1.0','20.0',49,78,'120.0','50.0'),('Poliwrath',62,1,'Normal',36,28,'1.3','54.0',49,79,'45.0','50.0'),('Abra',63,1,'Normal',37,29,'0.9','19.5',50,80,'200.0','75.0'),('Kadabra',64,1,'Normal',37,29,'1.3','56.5',50,81,'100.0','75.0'),('Alakazam',65,1,'Normal',37,29,'1.5','48.0',50,82,'50.0','75.0'),('Mega Alakazam',65,1,'Normal',37,29,'1.2','48.0',51,83,'50.0','75.0'),('Machop',66,1,'Normal',38,27,'0.8','19.5',52,84,'180.0','75.0'),('Machoke',67,1,'Normal',38,27,'1.5','70.5',52,85,'90.0','75.0'),('Machamp',68,1,'Normal',38,27,'1.6','130.0',52,86,'45.0','75.0'),('Bellsprout',69,1,'Normal',25,1,'0.7','4.0',53,87,'255.0','50.0'),('Weepinbell',70,1,'Normal',39,1,'1.0','6.4',53,88,'120.0','50.0'),('Victreebel',71,1,'Normal',39,1,'1.7','15.5',53,89,'45.0','50.0'),('Tentacool',72,1,'Normal',40,30,'0.9','45.5',54,90,'190.0','50.0'),('Tentacruel',73,1,'Normal',40,30,'1.6','55.0',54,91,'60.0','50.0'),('Geodude',74,1,'Normal',41,31,'0.4','20.0',55,92,'255.0','50.0'),('Alolan Geodude',74,1,'Normal',41,32,'0.4','20.3',56,92,'255.0','50.0'),('Graveler',75,1,'Normal',41,31,'1.0','105.0',55,93,'120.0','50.0'),('Alolan Graveler',75,1,'Normal',41,32,'1.0','110.0',56,93,'120.0','50.0'),('Golem',76,1,'Normal',42,31,'1.4','300.0',55,94,'45.0','50.0'),('Alolan Golem',76,1,'Normal',42,32,'1.7','316.0',56,94,'45.0','50.0'),('Ponyta',77,1,'Normal',43,2,'1.0','30.0',57,95,'190.0','50.0'),('Galarian Ponyta',77,1,'Normal',44,29,'0.8','24.0',58,95,'None','None'),('Rapidash',78,1,'Normal',43,2,'1.7','95.0',57,96,'60.0','50.0'),('Galarian Rapidash',78,1,'Normal',44,33,'1.7','80.0',58,96,'None','None'),('Slowpoke',79,1,'Normal',45,34,'1.2','36.0',59,97,'190.0','50.0'),('Slowbro',80,1,'Normal',46,34,'1.6','78.5',59,98,'75.0','50.0'),('Mega Slowbro',80,1,'Normal',46,34,'2.0','120.0',60,99,'75.0','50.0'),('Magnemite',81,1,'Normal',47,35,'0.3','6.0',61,100,'190.0','None'),('Magneton',82,1,'Normal',47,35,'1.0','60.0',61,101,'60.0','None'),('Farfetch\'d',83,1,'Normal',48,9,'0.8','15.0',62,102,'45.0','50.0'),('Galarian Farfetch\'d',83,1,'Normal',48,27,'0.8','42.0',63,103,'None','None'),('Doduo',84,1,'Normal',49,9,'1.4','39.2',64,104,'190.0','50.0'),('Dodrio',85,1,'Normal',50,9,'1.8','85.2',64,105,'45.0','50.0'),('Seel',86,1,'Normal',51,5,'1.1','90.0',65,106,'190.0','50.0'),('Dewgong',87,1,'Normal',51,36,'1.7','120.0',65,107,'75.0','50.0'),('Grimer',88,1,'Normal',52,12,'0.9','30.0',66,108,'190.0','50.0'),('Alolan Grimer',88,1,'Normal',52,37,'0.7','42.0',67,108,'190.0','50.0'),('Muk',89,1,'Normal',52,12,'1.2','30.0',66,109,'75.0','50.0'),('Alolan Muk',89,1,'Normal',52,37,'1.0','52.0',67,109,'75.0','50.0'),('Shellder',90,1,'Normal',53,5,'0.3','4.0',68,110,'190.0','50.0'),('Cloyster',91,1,'Normal',53,36,'1.5','132.5',68,111,'60.0','50.0'),('Gastly',92,1,'Normal',54,38,'1.3','0.1',69,112,'190.0','50.0'),('Haunter',93,1,'Normal',54,38,'1.6','0.1',69,113,'90.0','50.0'),('Gengar',94,1,'Normal',55,38,'1.5','40.5',70,114,'45.0','50.0'),('Mega Gengar',94,1,'Normal',55,38,'1.4','40.5',71,115,'45.0','50.0'),('Onix',95,1,'Normal',56,31,'8.8','210.0',72,116,'45.0','50.0'),('Drowzee',96,1,'Normal',57,29,'1.0','32.4',73,117,'190.0','50.0'),('Hypno',97,1,'Normal',57,29,'1.6','75.6',73,118,'75.0','50.0'),('Krabby',98,1,'Normal',58,5,'0.4','6.5',74,119,'225.0','50.0'),('Kingler',99,1,'Normal',59,5,'1.3','60.0',74,120,'60.0','50.0'),('Voltorb',100,1,'Normal',60,13,'0.5','10.4',75,121,'190.0','None'),('Electrode',101,1,'Normal',60,13,'1.2','66.6',75,122,'60.0','None'),('Exeggcute',102,1,'Normal',61,39,'0.4','2.5',76,123,'90.0','50.0'),('Exeggutor',103,1,'Normal',62,39,'2.0','120.0',76,124,'45.0','50.0'),('Alolan Exeggutor',103,1,'Normal',62,40,'10.9','415.6',77,125,'45.0','50.0'),('Cubone',104,1,'Normal',63,15,'0.4','6.5',78,126,'190.0','50.0'),('Marowak',105,1,'Normal',64,15,'1.0','45.0',78,127,'75.0','50.0'),('Alolan Marowak',105,1,'Normal',64,41,'1.0','34.0',79,127,'75.0','50.0'),('Hitmonlee',106,1,'Normal',65,27,'1.5','49.8',80,128,'45.0','100.0'),('Hitmonchan',107,1,'Normal',66,27,'1.4','50.2',81,129,'45.0','100.0'),('Lickitung',108,1,'Normal',67,10,'1.2','65.5',82,130,'45.0','50.0'),('Koffing',109,1,'Normal',68,12,'0.6','1.0',83,131,'190.0','50.0'),('Weezing',110,1,'Normal',68,12,'1.2','9.5',83,132,'60.0','50.0'),('Galarian Weezing',110,1,'Normal',68,42,'3.0','16.0',84,132,'None','None'),('Rhyhorn',111,1,'Normal',69,43,'1.0','115.0',85,133,'120.0','50.0'),('Rhydon',112,1,'Normal',19,43,'1.9','120.0',85,134,'60.0','50.0'),('Chansey',113,1,'Normal',61,10,'1.1','34.6',86,135,'30.0','0.0'),('Tangela',114,1,'Normal',70,44,'1.0','35.0',87,136,'45.0','50.0'),('Kangaskhan',115,1,'Normal',71,10,'2.2','80.0',88,137,'45.0','0.0'),('Mega Kangaskhan',115,1,'Normal',71,10,'2.2','100.0',89,138,'45.0','0.0'),('Horsea',116,1,'Normal',72,5,'0.4','8.0',90,139,'225.0','50.0'),('Seadra',117,1,'Normal',72,5,'1.2','25.0',91,140,'75.0','50.0'),('Goldeen',118,1,'Normal',73,5,'0.6','15.0',92,141,'225.0','50.0'),('Seaking',119,1,'Normal',73,5,'1.3','39.0',92,142,'60.0','50.0'),('Staryu',120,1,'Normal',74,5,'0.8','34.5',93,143,'225.0','None'),('Starmie',121,1,'Normal',75,34,'1.1','80.0',93,144,'60.0','None'),('Mr. Mime',122,1,'Normal',76,33,'1.3','54.5',94,145,'45.0','50.0'),('Galarian Mr. Mime',122,1,'Normal',77,45,'1.4','56.8',95,146,'None','None'),('Scyther',123,1,'Normal',78,7,'1.5','56.0',96,147,'45.0','50.0'),('Jynx',124,1,'Normal',79,46,'1.4','40.6',97,148,'45.0','0.0'),('Electabuzz',125,1,'Normal',80,13,'1.1','30.0',98,149,'45.0','75.0'),('Magmar',126,1,'Normal',81,2,'1.3','44.5',99,150,'45.0','75.0'),('Pinsir',127,1,'Normal',82,6,'1.5','55.0',100,151,'45.0','50.0'),('Mega Pinsir',127,1,'Normal',82,7,'1.7','59.0',101,152,'45.0','50.0'),('Tauros',128,1,'Normal',83,10,'1.4','88.4',102,153,'45.0','100.0'),('Magikarp',129,1,'Normal',84,5,'0.9','10.0',103,154,'255.0','50.0'),('Gyarados',130,1,'Normal',85,47,'6.5','235.0',104,155,'45.0','50.0'),('Mega Gyarados',130,1,'Normal',85,48,'6.5','305.0',105,156,'45.0','50.0'),('Lapras',131,1,'Normal',86,36,'2.5','220.0',106,157,'45.0','50.0'),('Ditto',132,1,'Normal',87,10,'0.3','4.0',107,158,'35.0','None'),('Eevee',133,1,'Normal',88,10,'0.3','6.5',108,159,'45.0','87.5'),('Partner Eevee',133,1,'Normal',88,10,'0.3','6.5',109,160,'45.0','87.5'),('Vaporeon',134,1,'Normal',89,5,'1.0','29.0',110,161,'45.0','87.5'),('Jolteon',135,1,'Normal',90,13,'0.8','24.5',111,162,'45.0','87.5'),('Flareon',136,1,'Normal',3,2,'0.9','25.0',112,163,'45.0','87.5'),('Porygon',137,1,'Normal',91,10,'0.8','36.5',113,164,'45.0','None'),('Omanyte',138,1,'Normal',92,49,'0.4','7.5',114,165,'45.0','87.5'),('Omastar',139,1,'Normal',92,49,'1.0','35.0',114,166,'45.0','87.5'),('Kabuto',140,1,'Normal',6,49,'0.5','11.5',115,167,'45.0','87.5'),('Kabutops',141,1,'Normal',6,49,'1.3','40.5',115,168,'45.0','87.5'),('Aerodactyl',142,1,'Normal',93,50,'1.8','59.0',116,169,'45.0','87.5'),('Mega Aerodactyl',142,1,'Normal',93,50,'2.1','79.0',4,170,'45.0','87.5'),('Snorlax',143,1,'Normal',94,10,'2.1','460.0',117,171,'25.0','87.5'),('Articuno',144,1,'Sub Legendary',95,51,'1.7','55.4',118,172,'3.0','None'),('Zapdos',145,1,'Sub Legendary',80,52,'1.6','52.6',119,173,'3.0','None'),('Moltres',146,1,'Sub Legendary',3,3,'2.0','60.0',120,174,'3.0','None'),('Dratini',147,1,'Normal',72,53,'1.8','3.3',121,175,'45.0','50.0'),('Dragonair',148,1,'Normal',72,53,'4.0','16.5',121,176,'45.0','50.0'),('Dragonite',149,1,'Normal',72,54,'2.2','210.0',122,177,'45.0','50.0'),('Mewtwo',150,1,'Legendary',96,29,'2.0','122.0',123,178,'3.0','None'),('Mega Mewtwo X',150,1,'Legendary',96,55,'2.3','127.0',124,179,'3.0','None'),('Mega Mewtwo Y',150,1,'Legendary',96,29,'1.5','33.0',125,180,'3.0','None'),('Mew',151,1,'Mythical',97,29,'0.4','4.0',126,181,'45.0','None'),('Chikorita',152,2,'Normal',98,44,'0.9','6.4',127,182,'45.0','87.5'),('Bayleef',153,2,'Normal',98,44,'1.2','15.8',127,183,'45.0','87.5'),('Meganium',154,2,'Normal',99,44,'1.8','100.5',127,184,'45.0','87.5'),('Cyndaquil',155,2,'Normal',100,2,'0.5','7.9',128,5,'45.0','87.5'),('Quilava',156,2,'Normal',101,2,'0.9','19.0',128,6,'45.0','87.5'),('Typhlosion',157,2,'Normal',101,2,'1.7','79.5',128,7,'45.0','87.5'),('Totodile',158,2,'Normal',102,5,'0.6','9.5',129,185,'45.0','87.5'),('Croconaw',159,2,'Normal',102,5,'1.1','25.0',129,186,'45.0','87.5'),('Feraligatr',160,2,'Normal',102,5,'2.3','88.8',129,187,'45.0','87.5'),('Sentret',161,2,'Normal',103,10,'0.8','6.0',130,188,'255.0','50.0'),('Furret',162,2,'Normal',104,10,'1.8','32.5',130,189,'90.0','50.0'),('Hoothoot',163,2,'Normal',105,9,'0.7','21.2',131,190,'255.0','50.0'),('Noctowl',164,2,'Normal',105,9,'1.6','40.8',131,191,'90.0','50.0'),('Ledyba',165,2,'Normal',106,7,'1.0','10.8',132,192,'255.0','50.0'),('Ledian',166,2,'Normal',106,7,'1.4','35.6',133,193,'90.0','50.0'),('Spinarak',167,2,'Normal',107,8,'0.5','8.5',134,194,'255.0','50.0'),('Ariados',168,2,'Normal',108,8,'1.1','33.5',134,195,'90.0','50.0'),('Crobat',169,2,'Normal',23,22,'1.8','75.0',32,196,'90.0','50.0'),('Chinchou',170,2,'Normal',109,56,'0.5','12.0',135,197,'190.0','50.0'),('Lanturn',171,2,'Normal',110,56,'1.2','22.5',135,198,'75.0','50.0'),('Pichu',172,2,'Normal',111,13,'0.3','2.0',19,199,'190.0','50.0'),('Cleffa',173,2,'Normal',74,18,'0.3','3.0',26,200,'150.0','25.0'),('Igglybuff',174,2,'Normal',22,21,'0.3','1.0',30,201,'170.0','25.0'),('Togepi',175,2,'Normal',112,18,'0.3','1.5',136,202,'190.0','87.5'),('Togetic',176,2,'Normal',113,57,'0.6','3.2',136,203,'75.0','87.5'),('Natu',177,2,'Normal',12,58,'0.2','2.0',137,204,'190.0','50.0'),('Xatu',178,2,'Normal',114,58,'1.5','15.0',137,205,'75.0','50.0'),('Mareep',179,2,'Normal',115,13,'0.6','7.8',138,206,'235.0','50.0'),('Flaaffy',180,2,'Normal',115,13,'0.8','13.3',138,207,'120.0','50.0'),('Ampharos',181,2,'Normal',110,13,'1.4','61.5',138,208,'45.0','50.0'),('Mega Ampharos',181,2,'Normal',110,59,'1.4','61.5',105,209,'45.0','50.0'),('Bellossom',182,2,'Normal',25,44,'0.4','5.8',139,210,'45.0','50.0'),('Marill',183,2,'Normal',116,60,'0.4','8.5',140,211,'190.0','50.0'),('Azumarill',184,2,'Normal',117,60,'0.8','28.5',140,212,'75.0','50.0'),('Sudowoodo',185,2,'Normal',118,61,'1.2','38.0',141,213,'65.0','50.0'),('Politoed',186,2,'Normal',119,5,'1.1','33.9',142,214,'45.0','50.0'),('Hoppip',187,2,'Normal',120,62,'0.4','0.5',143,215,'255.0','50.0'),('Skiploom',188,2,'Normal',120,62,'0.6','1.0',143,216,'120.0','50.0'),('Jumpluff',189,2,'Normal',120,62,'0.8','3.0',143,217,'45.0','50.0'),('Aipom',190,2,'Normal',121,10,'0.8','11.5',144,218,'45.0','50.0'),('Sunkern',191,2,'Normal',1,44,'0.3','1.8',145,219,'235.0','50.0'),('Sunflora',192,2,'Normal',122,44,'0.8','8.5',145,220,'120.0','50.0'),('Yanma',193,2,'Normal',123,7,'1.2','38.0',146,221,'75.0','50.0'),('Wooper',194,2,'Normal',124,63,'0.4','8.5',147,222,'255.0','50.0'),('Quagsire',195,2,'Normal',124,63,'1.4','75.0',147,223,'90.0','50.0'),('Espeon',196,2,'Normal',122,29,'0.9','26.5',148,224,'45.0','87.5'),('Umbreon',197,2,'Normal',125,25,'1.0','27.0',149,225,'45.0','87.5'),('Murkrow',198,2,'Normal',126,64,'0.5','2.1',150,226,'30.0','50.0'),('Slowking',199,2,'Normal',127,34,'2.0','79.5',59,227,'70.0','50.0'),('Misdreavus',200,2,'Normal',128,65,'0.7','1.0',69,228,'45.0','50.0'),('Unown',201,2,'Normal',129,29,'0.5','5.0',69,229,'225.0','None'),('Wobbuffet',202,2,'Normal',130,29,'1.3','28.5',151,230,'45.0','50.0'),('Girafarig',203,2,'Normal',131,66,'1.5','41.5',152,231,'60.0','50.0'),('Pineco',204,2,'Normal',132,6,'0.6','7.2',153,232,'190.0','50.0'),('Forretress',205,2,'Normal',132,67,'1.2','125.8',153,233,'75.0','50.0'),('Dunsparce',206,2,'Normal',133,10,'1.5','14.0',154,234,'190.0','50.0'),('Gligar',207,2,'Normal',134,68,'1.1','64.8',155,235,'60.0','50.0'),('Steelix',208,2,'Normal',135,69,'9.2','400.0',156,236,'25.0','50.0'),('Mega Steelix',208,2,'Normal',135,69,'10.5','740.0',157,237,'25.0','50.0'),('Snubbull',209,2,'Normal',20,18,'0.6','7.8',158,238,'190.0','25.0'),('Granbull',210,2,'Normal',20,18,'1.4','48.7',159,239,'75.0','25.0'),('Qwilfish',211,2,'Normal',22,30,'0.5','3.9',160,240,'45.0','50.0'),('Scizor',212,2,'Normal',59,67,'1.8','118.0',161,241,'25.0','50.0'),('Mega Scizor',212,2,'Normal',59,67,'2.0','125.0',162,242,'25.0','50.0'),('Shuckle',213,2,'Normal',136,70,'0.6','20.5',163,243,'190.0','50.0'),('Heracross',214,2,'Normal',137,71,'1.5','54.0',164,244,'45.0','50.0'),('Mega Heracross',214,2,'Normal',137,71,'1.7','62.5',165,245,'45.0','50.0'),('Sneasel',215,2,'Normal',138,72,'0.9','28.0',166,246,'60.0','50.0'),('Teddiursa',216,2,'Normal',139,10,'0.6','8.8',167,247,'120.0','50.0'),('Ursaring',217,2,'Normal',140,10,'1.8','125.8',168,248,'60.0','50.0'),('Slugma',218,2,'Normal',141,2,'0.7','35.0',169,249,'190.0','50.0'),('Magcargo',219,2,'Normal',141,73,'0.8','55.0',169,250,'75.0','50.0'),('Swinub',220,2,'Normal',142,74,'0.4','6.5',170,251,'225.0','50.0'),('Piloswine',221,2,'Normal',143,74,'1.1','55.8',170,252,'75.0','50.0'),('Corsola',222,2,'Normal',144,75,'0.6','5.0',171,253,'60.0','25.0'),('Galarian Corsola',222,2,'Normal',144,65,'0.6','0.5',172,254,'None','None'),('Remoraid',223,2,'Normal',145,5,'0.6','12.0',173,255,'190.0','50.0'),('Octillery',224,2,'Normal',145,5,'0.9','28.5',174,256,'75.0','50.0'),('Delibird',225,2,'Normal',146,51,'0.9','16.0',175,257,'45.0','50.0'),('Mantine',226,2,'Normal',147,47,'2.1','220.0',176,258,'25.0','50.0'),('Skarmory',227,2,'Normal',148,76,'1.7','50.5',177,259,'25.0','50.0'),('Houndour',228,2,'Normal',149,77,'0.6','10.8',178,260,'120.0','50.0'),('Houndoom',229,2,'Normal',149,77,'1.4','35.0',178,261,'45.0','50.0'),('Mega Houndoom',229,2,'Normal',149,77,'1.9','49.5',179,262,'45.0','50.0'),('Kingdra',230,2,'Normal',72,78,'1.8','152.0',90,263,'45.0','50.0'),('Phanpy',231,2,'Normal',150,15,'0.5','33.5',180,264,'120.0','50.0'),('Donphan',232,2,'Normal',151,15,'1.1','120.0',181,265,'60.0','50.0'),('Porygon2',233,2,'Normal',91,10,'0.6','32.5',113,266,'45.0','None'),('Stantler',234,2,'Normal',152,10,'1.4','71.2',182,267,'45.0','50.0'),('Smeargle',235,2,'Normal',153,10,'1.2','58.0',183,268,'45.0','50.0'),('Tyrogue',236,2,'Normal',154,27,'0.7','21.0',184,269,'75.0','100.0'),('Hitmontop',237,2,'Normal',155,27,'1.4','48.0',185,270,'45.0','100.0'),('Smoochum',238,2,'Normal',156,46,'0.4','6.0',186,271,'45.0','0.0'),('Elekid',239,2,'Normal',80,13,'0.6','23.5',98,272,'45.0','75.0'),('Magby',240,2,'Normal',157,2,'0.7','21.4',99,273,'45.0','75.0'),('Miltank',241,2,'Normal',158,10,'1.2','75.5',187,274,'45.0','0.0'),('Blissey',242,2,'Normal',113,10,'1.5','46.8',86,275,'30.0','0.0'),('Raikou',243,2,'Sub Legendary',159,13,'1.9','178.0',188,276,'3.0','None'),('Entei',244,2,'Sub Legendary',101,2,'2.1','198.0',188,277,'3.0','None'),('Suicune',245,2,'Sub Legendary',160,5,'2.0','187.0',188,278,'3.0','None'),('Larvitar',246,2,'Normal',161,31,'0.6','72.0',189,279,'45.0','50.0'),('Pupitar',247,2,'Normal',162,31,'1.2','152.0',9,280,'45.0','50.0'),('Tyranitar',248,2,'Normal',151,79,'2.0','202.0',190,281,'45.0','50.0'),('Mega Tyranitar',248,2,'Normal',151,79,'2.5','255.0',191,282,'45.0','50.0'),('Lugia',249,2,'Legendary',163,58,'5.2','216.0',192,283,'3.0','None'),('Ho-oh',250,2,'Legendary',164,3,'3.8','199.0',193,284,'3.0','None'),('Celebi',251,2,'Mythical',165,80,'0.6','5.0',194,181,'45.0','None'),('Treecko',252,3,'Normal',166,44,'0.5','5.0',195,285,'45.0','87.5'),('Grovyle',253,3,'Normal',166,44,'0.9','21.6',195,286,'45.0','87.5'),('Sceptile',254,3,'Normal',167,44,'1.7','52.2',195,287,'45.0','87.5'),('Mega Sceptile',254,3,'Normal',167,40,'1.9','55.2',196,288,'45.0','87.5'),('Torchic',255,3,'Normal',168,2,'0.4','2.5',197,289,'45.0','87.5'),('Combusken',256,3,'Normal',169,81,'0.9','19.5',197,290,'45.0','87.5'),('Blaziken',257,3,'Normal',170,81,'1.9','52.0',197,291,'45.0','87.5'),('Mega Blaziken',257,3,'Normal',170,81,'1.9','52.0',198,292,'45.0','87.5'),('Mudkip',258,3,'Normal',171,5,'0.4','7.6',199,293,'45.0','87.5'),('Marshtomp',259,3,'Normal',171,63,'0.7','28.0',199,294,'45.0','87.5'),('Swampert',260,3,'Normal',171,63,'1.5','81.9',199,295,'45.0','87.5'),('Mega Swampert',260,3,'Normal',171,63,'1.9','102.0',200,296,'45.0','87.5'),('Poochyena',261,3,'Normal',172,25,'0.5','13.6',201,297,'255.0','50.0'),('Mightyena',262,3,'Normal',172,25,'1.0','37.0',202,298,'127.0','50.0'),('Zigzagoon',263,3,'Normal',173,10,'0.4','17.5',203,299,'255.0','50.0'),('Galarian Zigzagoon',263,3,'Normal',174,11,'0.4','17.5',203,299,'None','None'),('Linoone',264,3,'Normal',175,10,'0.5','32.5',203,300,'90.0','50.0'),('Galarian Linoone',264,3,'Normal',175,11,'0.5','32.5',203,300,'None','None'),('Wurmple',265,3,'Normal',7,6,'0.3','3.6',8,301,'255.0','50.0'),('Silcoon',266,3,'Normal',8,6,'0.6','10.0',9,302,'120.0','50.0'),('Beautifly',267,3,'Normal',9,7,'1.0','28.4',204,303,'45.0','50.0'),('Cascoon',268,3,'Normal',8,6,'0.7','11.5',9,302,'120.0','50.0'),('Dustox',269,3,'Normal',28,8,'1.2','31.6',205,304,'45.0','50.0'),('Lotad',270,3,'Normal',176,82,'0.5','2.6',206,305,'255.0','50.0'),('Lombre',271,3,'Normal',177,82,'1.2','32.5',206,306,'120.0','50.0'),('Ludicolo',272,3,'Normal',178,82,'1.5','55.0',206,307,'45.0','50.0'),('Seedot',273,3,'Normal',179,44,'0.5','4.0',207,308,'255.0','50.0'),('Nuzleaf',274,3,'Normal',180,83,'1.0','28.0',207,309,'120.0','50.0'),('Shiftry',275,3,'Normal',181,83,'1.3','59.6',207,310,'45.0','50.0'),('Taillow',276,3,'Normal',182,9,'0.3','2.3',208,311,'200.0','50.0'),('Swellow',277,3,'Normal',183,9,'0.7','19.8',208,312,'45.0','50.0'),('Wingull',278,3,'Normal',184,47,'0.6','9.5',209,313,'190.0','50.0'),('Pelipper',279,3,'Normal',185,47,'1.2','28.0',210,314,'45.0','50.0'),('Ralts',280,3,'Normal',186,33,'0.4','6.6',211,315,'235.0','50.0'),('Kirlia',281,3,'Normal',187,33,'0.8','20.2',211,316,'120.0','50.0'),('Gardevoir',282,3,'Normal',188,33,'1.6','48.4',211,317,'45.0','50.0'),('Mega Gardevoir',282,3,'Normal',188,33,'1.6','48.4',212,318,'45.0','50.0'),('Surskit',283,3,'Normal',189,84,'0.5','1.7',213,319,'200.0','50.0'),('Masquerain',284,3,'Normal',190,7,'0.8','3.6',214,320,'75.0','50.0'),('Shroomish',285,3,'Normal',26,44,'0.4','4.5',215,321,'255.0','50.0'),('Breloom',286,3,'Normal',26,85,'1.2','39.2',216,322,'90.0','50.0'),('Slakoth',287,3,'Normal',191,10,'0.8','24.0',217,323,'255.0','50.0'),('Vigoroth',288,3,'Normal',192,10,'1.4','46.5',218,324,'120.0','50.0'),('Slaking',289,3,'Normal',193,10,'2.0','130.5',217,325,'45.0','50.0'),('Nincada',290,3,'Normal',194,86,'0.5','5.5',219,326,'255.0','50.0'),('Ninjask',291,3,'Normal',195,7,'0.8','12.0',220,327,'120.0','50.0'),('Shedinja',292,3,'Normal',196,87,'0.8','1.2',221,328,'45.0','None'),('Whismur',293,3,'Normal',197,10,'0.6','16.3',222,329,'190.0','50.0'),('Loudred',294,3,'Normal',198,10,'1.0','40.5',223,330,'120.0','50.0'),('Exploud',295,3,'Normal',199,10,'1.5','84.0',223,331,'45.0','50.0'),('Makuhita',296,3,'Normal',200,27,'1.0','86.4',224,332,'180.0','75.0'),('Hariyama',297,3,'Normal',201,27,'2.3','253.8',224,333,'200.0','75.0'),('Azurill',298,3,'Normal',202,21,'0.2','2.0',140,334,'150.0','25.0'),('Nosepass',299,3,'Normal',203,61,'1.0','97.0',225,335,'255.0','50.0'),('Skitty',300,3,'Normal',204,10,'0.6','11.0',226,336,'255.0','25.0'),('Delcatty',301,3,'Normal',205,10,'1.1','32.6',226,337,'60.0','25.0'),('Sableye',302,3,'Normal',126,88,'0.5','11.0',227,338,'45.0','50.0'),('Mega Sableye',302,3,'Normal',126,88,'0.5','161.0',228,339,'45.0','50.0'),('Mawile',303,3,'Normal',206,89,'0.6','11.5',229,340,'45.0','50.0'),('Mega Mawile',303,3,'Normal',206,89,'1.0','23.5',230,341,'45.0','50.0'),('Aron',304,3,'Normal',207,90,'0.4','60.0',231,342,'180.0','50.0'),('Lairon',305,3,'Normal',207,90,'0.9','120.0',231,343,'90.0','50.0'),('Aggron',306,3,'Normal',207,90,'2.1','360.0',231,344,'45.0','50.0'),('Mega Aggron',306,3,'Normal',207,26,'2.2','395.0',232,345,'45.0','50.0'),('Meditite',307,3,'Normal',208,91,'0.6','11.2',233,346,'180.0','50.0'),('Medicham',308,3,'Normal',208,91,'1.3','31.5',233,347,'90.0','50.0'),('Mega Medicham',308,3,'Normal',208,91,'1.3','31.5',234,348,'90.0','50.0'),('Electrike',309,3,'Normal',90,13,'0.6','15.2',235,349,'120.0','50.0'),('Manectric',310,3,'Normal',209,13,'1.5','40.2',235,350,'45.0','50.0'),('Mega Manectric',310,3,'Normal',209,13,'1.8','44.0',236,351,'45.0','50.0'),('Plusle',311,3,'Normal',210,13,'0.4','4.2',237,352,'200.0','50.0'),('Minun',312,3,'Normal',210,13,'0.4','4.2',238,353,'200.0','50.0'),('Volbeat',313,3,'Normal',211,6,'0.7','17.7',239,354,'150.0','100.0'),('Illumise',314,3,'Normal',211,6,'0.6','17.7',240,355,'150.0','0.0'),('Roselia',315,3,'Normal',212,1,'0.3','2.0',241,356,'150.0','50.0'),('Gulpin',316,3,'Normal',213,12,'0.4','10.3',242,357,'225.0','50.0'),('Swalot',317,3,'Normal',214,12,'1.7','80.0',242,358,'75.0','50.0'),('Carvanha',318,3,'Normal',215,48,'0.8','20.8',243,359,'225.0','50.0'),('Sharpedo',319,3,'Normal',216,48,'1.8','88.8',243,360,'60.0','50.0'),('Mega Sharpedo',319,3,'Normal',216,48,'2.5','130.3',244,361,'60.0','50.0'),('Wailmer',320,3,'Normal',217,5,'2.0','130.0',245,362,'125.0','50.0'),('Wailord',321,3,'Normal',218,5,'14.5','398.0',245,363,'60.0','50.0'),('Numel',322,3,'Normal',219,92,'0.7','24.0',246,364,'255.0','50.0'),('Camerupt',323,3,'Normal',220,92,'1.9','220.0',247,365,'150.0','50.0'),('Mega Camerupt',323,3,'Normal',220,92,'2.5','320.5',248,366,'150.0','50.0'),('Torkoal',324,3,'Normal',221,2,'0.5','80.4',249,367,'90.0','50.0'),('Spoink',325,3,'Normal',222,29,'0.7','30.6',250,368,'255.0','50.0'),('Grumpig',326,3,'Normal',223,29,'0.9','71.5',250,369,'60.0','50.0'),('Spinda',327,3,'Normal',224,10,'1.1','5.0',251,370,'255.0','50.0'),('Trapinch',328,3,'Normal',225,15,'0.7','15.0',252,371,'255.0','50.0'),('Vibrava',329,3,'Normal',226,93,'1.1','15.3',69,372,'120.0','50.0'),('Flygon',330,3,'Normal',114,93,'2.0','82.0',69,373,'45.0','50.0'),('Cacnea',331,3,'Normal',227,44,'0.4','51.3',253,374,'190.0','50.0'),('Cacturne',332,3,'Normal',228,83,'1.3','77.4',253,375,'60.0','50.0'),('Swablu',333,3,'Normal',229,9,'0.4','1.2',254,376,'255.0','50.0'),('Altaria',334,3,'Normal',230,54,'1.1','20.6',254,377,'45.0','50.0'),('Mega Altaria',334,3,'Normal',230,94,'1.5','20.6',212,378,'45.0','50.0'),('Zangoose',335,3,'Normal',231,10,'1.3','40.3',255,379,'90.0','50.0'),('Seviper',336,3,'Normal',232,12,'2.7','52.5',256,380,'90.0','50.0'),('Lunatone',337,3,'Normal',233,95,'1.0','168.0',69,381,'45.0','None'),('Solrock',338,3,'Normal',233,95,'1.2','154.0',69,382,'45.0','None'),('Barboach',339,3,'Normal',234,63,'0.4','1.9',257,383,'190.0','50.0'),('Whiscash',340,3,'Normal',234,63,'0.9','23.6',257,384,'75.0','50.0'),('Corphish',341,3,'Normal',235,5,'0.6','11.5',258,385,'205.0','50.0'),('Crawdaunt',342,3,'Normal',236,48,'1.1','32.8',258,386,'155.0','50.0'),('Baltoy',343,3,'Normal',237,96,'0.5','21.5',69,387,'255.0','None'),('Claydol',344,3,'Normal',237,96,'1.5','108.0',69,388,'90.0','None'),('Lileep',345,3,'Normal',238,97,'1.0','23.8',259,389,'45.0','87.5'),('Cradily',346,3,'Normal',239,97,'1.5','60.4',259,390,'45.0','87.5'),('Anorith',347,3,'Normal',240,98,'0.7','12.5',260,391,'45.0','87.5'),('Armaldo',348,3,'Normal',241,98,'1.5','68.2',260,392,'45.0','87.5'),('Feebas',349,3,'Normal',84,5,'0.6','7.4',261,393,'255.0','50.0'),('Milotic',350,3,'Normal',242,5,'6.2','162.0',262,394,'60.0','50.0'),('Castform',351,3,'Normal',243,10,'0.3','0.8',263,395,'45.0','50.0'),('Castform Sunny Form',351,3,'Normal',243,2,'0.3','0.8',263,395,'45.0','50.0'),('Castform Rainy Form',351,3,'Normal',243,5,'0.3','0.8',263,395,'45.0','50.0'),('Castform Snowy Form',351,3,'Normal',243,19,'0.3','0.8',263,395,'45.0','50.0'),('Kecleon',352,3,'Normal',244,10,'1.0','22.0',264,396,'200.0','50.0'),('Shuppet',353,3,'Normal',245,65,'0.6','2.3',265,397,'225.0','50.0'),('Banette',354,3,'Normal',246,65,'1.1','12.5',265,398,'45.0','50.0'),('Mega Banette',354,3,'Normal',246,65,'1.2','13.0',266,399,'45.0','50.0'),('Duskull',355,3,'Normal',247,65,'0.8','15.0',267,400,'190.0','50.0'),('Dusclops',356,3,'Normal',248,65,'1.6','30.6',268,401,'90.0','50.0'),('Tropius',357,3,'Normal',249,62,'2.0','100.0',269,402,'200.0','50.0'),('Chimecho',358,3,'Normal',250,29,'0.6','1.0',69,403,'45.0','50.0'),('Absol',359,3,'Normal',251,25,'1.2','47.0',270,404,'30.0','50.0'),('Mega Absol',359,3,'Normal',251,25,'1.2','49.0',228,405,'30.0','50.0'),('Wynaut',360,3,'Normal',252,29,'0.6','14.0',151,406,'125.0','50.0'),('Snorunt',361,3,'Normal',253,19,'0.7','16.8',271,407,'190.0','50.0'),('Glalie',362,3,'Normal',254,19,'1.5','256.5',271,408,'75.0','50.0'),('Mega Glalie',362,3,'Normal',254,19,'2.1','350.2',272,409,'75.0','50.0'),('Spheal',363,3,'Normal',255,99,'0.8','39.5',273,410,'255.0','50.0'),('Sealeo',364,3,'Normal',256,99,'1.1','87.6',273,411,'120.0','50.0'),('Walrein',365,3,'Normal',257,99,'1.4','150.6',273,412,'45.0','50.0'),('Clamperl',366,3,'Normal',53,5,'0.4','52.5',274,413,'255.0','50.0'),('Huntail',367,3,'Normal',258,5,'1.7','27.0',275,414,'60.0','50.0'),('Gorebyss',368,3,'Normal',259,5,'1.8','22.6',276,415,'60.0','50.0'),('Relicanth',369,3,'Normal',260,75,'1.0','23.4',277,416,'25.0','87.5'),('Luvdisc',370,3,'Normal',261,5,'0.6','8.7',276,417,'225.0','25.0'),('Bagon',371,3,'Normal',262,53,'0.6','42.1',278,418,'45.0','50.0'),('Shelgon',372,3,'Normal',263,53,'1.1','110.5',279,419,'45.0','50.0'),('Salamence',373,3,'Normal',72,54,'1.5','102.6',104,420,'45.0','50.0'),('Mega Salamence',373,3,'Normal',72,54,'1.8','112.6',101,421,'45.0','50.0'),('Beldum',374,3,'Normal',264,100,'0.6','95.2',280,422,'3.0','None'),('Metang',375,3,'Normal',265,100,'1.2','202.5',280,423,'3.0','None'),('Metagross',376,3,'Normal',266,100,'1.6','550.0',280,424,'3.0','None'),('Mega Metagross',376,3,'Normal',266,100,'2.5','942.9',4,425,'3.0','None'),('Regirock',377,3,'Sub Legendary',267,61,'1.7','230.0',281,426,'3.0','None'),('Regice',378,3,'Sub Legendary',268,19,'1.8','175.0',282,427,'3.0','None'),('Registeel',379,3,'Sub Legendary',269,26,'1.9','205.0',280,428,'3.0','None'),('Latias',380,3,'Sub Legendary',270,101,'1.4','40.0',69,429,'3.0','0.0'),('Mega Latias',380,3,'Sub Legendary',270,101,'1.8','52.0',69,430,'3.0','0.0'),('Latios',381,3,'Sub Legendary',270,101,'2.0','60.0',69,431,'3.0','100.0'),('Mega Latios',381,3,'Sub Legendary',270,101,'2.3','70.0',69,432,'3.0','100.0'),('Kyogre',382,3,'Legendary',271,5,'4.5','352.0',283,433,'3.0','None'),('Primal Kyogre',382,3,'Legendary',271,5,'9.8','430.0',284,434,'5.0','None'),('Groudon',383,3,'Legendary',272,15,'3.5','950.0',5,435,'3.0','None'),('Primal Groudon',383,3,'Legendary',272,102,'5.0','999.7',285,436,'5.0','None'),('Rayquaza',384,3,'Legendary',273,54,'7.0','206.5',286,437,'45.0','None'),('Mega Rayquaza',384,3,'Legendary',273,54,'10.8','392.0',287,438,'3.0','None'),('Jirachi',385,3,'Mythical',274,100,'0.3','1.1',288,181,'3.0','None'),('Deoxys Normal Forme',386,3,'Mythical',275,29,'1.7','60.8',289,439,'3.0','None'),('Deoxys Attack Forme',386,3,'Mythical',275,29,'1.7','60.8',289,440,'3.0','None'),('Deoxys Defense Forme',386,3,'Mythical',275,29,'1.7','60.8',289,441,'3.0','None'),('Deoxys Speed Forme',386,3,'Mythical',275,29,'1.7','60.8',289,442,'3.0','None'),('Turtwig',387,4,'Normal',276,44,'0.4','10.2',290,443,'45.0','87.5'),('Grotle',388,4,'Normal',277,44,'1.1','97.0',290,444,'45.0','87.5'),('Torterra',389,4,'Normal',272,103,'2.2','310.0',290,445,'45.0','87.5'),('Chimchar',390,4,'Normal',278,2,'0.5','6.2',291,446,'45.0','87.5'),('Monferno',391,4,'Normal',279,81,'0.9','22.0',291,447,'45.0','87.5'),('Infernape',392,4,'Normal',3,81,'1.2','55.0',291,448,'45.0','87.5'),('Piplup',393,4,'Normal',280,5,'0.4','5.2',292,449,'45.0','87.5'),('Prinplup',394,4,'Normal',280,5,'0.8','23.0',292,450,'45.0','87.5'),('Empoleon',395,4,'Normal',281,104,'1.7','84.5',292,451,'45.0','87.5'),('Starly',396,4,'Normal',282,9,'0.3','2.0',293,452,'255.0','50.0'),('Staravia',397,4,'Normal',282,9,'0.6','15.5',294,453,'120.0','50.0'),('Staraptor',398,4,'Normal',283,9,'1.2','24.9',294,454,'45.0','50.0'),('Bidoof',399,4,'Normal',284,10,'0.5','20.0',295,455,'255.0','50.0'),('Bibarel',400,4,'Normal',285,105,'1.0','31.5',295,456,'127.0','50.0'),('Kricketot',401,4,'Normal',286,6,'0.3','2.2',296,457,'255.0','50.0'),('Kricketune',402,4,'Normal',286,6,'1.0','25.5',297,458,'45.0','50.0'),('Shinx',403,4,'Normal',287,13,'0.5','9.5',298,459,'235.0','50.0'),('Luxio',404,4,'Normal',288,13,'0.9','30.5',298,460,'120.0','50.0'),('Luxray',405,4,'Normal',289,13,'1.4','42.0',298,461,'45.0','50.0'),('Budew',406,4,'Normal',290,1,'0.2','1.2',241,462,'255.0','50.0'),('Roserade',407,4,'Normal',291,1,'0.9','14.5',299,463,'75.0','50.0'),('Cranidos',408,4,'Normal',292,61,'0.9','31.5',300,464,'45.0','87.5'),('Rampardos',409,4,'Normal',292,61,'1.6','102.5',300,465,'45.0','87.5'),('Shieldon',410,4,'Normal',293,106,'0.5','57.0',301,466,'45.0','87.5'),('Bastiodon',411,4,'Normal',293,106,'1.3','149.5',301,467,'45.0','87.5'),('Burmy',412,4,'Normal',132,6,'0.2','3.4',302,468,'120.0','50.0'),('Wormadam Plant Cloak',413,4,'Normal',132,23,'0.5','6.5',303,469,'45.0','0.0'),('Wormadam Sandy Cloak',413,4,'Normal',132,86,'0.5','6.5',303,470,'45.0','0.0'),('Wormadam Trash Cloak',413,4,'Normal',132,67,'0.5','6.5',303,471,'45.0','0.0'),('Mothim',414,4,'Normal',294,7,'0.9','23.3',304,472,'45.0','100.0'),('Combee',415,4,'Normal',295,7,'0.3','5.5',305,473,'120.0','87.5'),('Vespiquen',416,4,'Normal',296,7,'1.2','38.5',123,474,'45.0','0.0'),('Pachirisu',417,4,'Normal',297,13,'0.4','3.9',306,475,'200.0','50.0'),('Buizel',418,4,'Normal',298,5,'0.7','29.5',275,476,'190.0','50.0'),('Floatzel',419,4,'Normal',298,5,'1.1','33.5',275,477,'75.0','50.0'),('Cherubi',420,4,'Normal',299,44,'0.4','3.3',307,478,'190.0','50.0'),('Cherrim',421,4,'Normal',300,44,'0.5','9.3',308,479,'75.0','50.0'),('Shellos',422,4,'Normal',301,5,'0.3','6.3',309,480,'190.0','50.0'),('Gastrodon',423,4,'Normal',301,63,'0.9','29.9',309,481,'75.0','50.0'),('Ambipom',424,4,'Normal',121,10,'1.2','20.3',310,482,'45.0','50.0'),('Drifloon',425,4,'Normal',22,107,'0.4','1.2',311,483,'125.0','50.0'),('Drifblim',426,4,'Normal',302,107,'1.2','15.0',311,484,'60.0','50.0'),('Buneary',427,4,'Normal',303,10,'0.4','5.5',312,485,'190.0','50.0'),('Lopunny',428,4,'Normal',303,10,'1.2','33.3',313,486,'60.0','50.0'),('Mega Lopunny',428,4,'Normal',303,108,'1.3','28.3',314,487,'60.0','50.0'),('Mismagius',429,4,'Normal',304,65,'0.9','4.4',69,488,'45.0','50.0'),('Honchkrow',430,4,'Normal',305,64,'0.9','27.3',315,489,'30.0','50.0'),('Glameow',431,4,'Normal',306,10,'0.5','3.9',316,490,'190.0','25.0'),('Purugly',432,4,'Normal',307,10,'1.0','43.8',317,491,'75.0','25.0'),('Chingling',433,4,'Normal',308,29,'0.2','0.6',69,492,'120.0','50.0'),('Stunky',434,4,'Normal',309,37,'0.4','19.2',318,493,'225.0','50.0'),('Skuntank',435,4,'Normal',309,37,'1.0','38.0',318,494,'60.0','50.0'),('Bronzor',436,4,'Normal',310,100,'0.5','60.5',319,495,'255.0','None'),('Bronzong',437,4,'Normal',311,100,'1.3','187.0',319,496,'90.0','None'),('Bonsly',438,4,'Normal',312,61,'0.5','15.0',141,497,'255.0','50.0'),('Mime Jr.',439,4,'Normal',313,33,'0.6','13.0',94,498,'145.0','50.0'),('Happiny',440,4,'Normal',314,10,'0.6','24.4',320,499,'130.0','0.0'),('Chatot',441,4,'Normal',315,9,'0.5','1.9',13,500,'30.0','50.0'),('Spiritomb',442,4,'Normal',316,109,'1.0','108.0',321,501,'100.0','50.0'),('Gible',443,4,'Normal',317,110,'0.7','20.5',322,502,'45.0','50.0'),('Gabite',444,4,'Normal',318,110,'1.4','56.0',322,503,'45.0','50.0'),('Garchomp',445,4,'Normal',319,110,'1.9','95.0',322,504,'45.0','50.0'),('Mega Garchomp',445,4,'Normal',319,110,'1.9','95.0',157,505,'45.0','50.0'),('Munchlax',446,4,'Normal',320,10,'0.6','105.0',323,506,'50.0','87.5'),('Riolu',447,4,'Normal',321,27,'0.7','20.2',324,507,'75.0','87.5'),('Lucario',448,4,'Normal',322,111,'1.2','54.0',325,508,'45.0','87.5'),('Mega Lucario',448,4,'Normal',322,111,'1.3','57.5',12,509,'45.0','87.5'),('Hippopotas',449,4,'Normal',323,15,'0.8','49.5',326,510,'140.0','50.0'),('Hippowdon',450,4,'Normal',324,15,'2.0','300.0',326,511,'60.0','50.0'),('Skorupi',451,4,'Normal',325,112,'0.8','12.0',327,512,'120.0','50.0'),('Drapion',452,4,'Normal',326,37,'1.3','61.5',327,513,'45.0','50.0'),('Croagunk',453,4,'Normal',327,113,'0.7','23.0',328,514,'140.0','50.0'),('Toxicroak',454,4,'Normal',327,113,'1.3','44.4',328,515,'75.0','50.0'),('Carnivine',455,4,'Normal',328,44,'1.4','27.0',69,516,'200.0','50.0'),('Finneon',456,4,'Normal',329,5,'0.4','7.0',329,517,'190.0','50.0'),('Lumineon',457,4,'Normal',330,5,'1.2','24.0',329,518,'75.0','50.0'),('Mantyke',458,4,'Normal',147,47,'1.0','65.0',176,519,'25.0','50.0'),('Snover',459,4,'Normal',331,114,'1.0','50.5',330,520,'120.0','50.0'),('Abomasnow',460,4,'Normal',331,114,'2.2','135.5',330,521,'60.0','50.0'),('Mega Abomasnow',460,4,'Normal',331,114,'2.7','185.0',331,522,'60.0','50.0'),('Weavile',461,4,'Normal',138,72,'1.1','34.0',332,523,'45.0','50.0'),('Magnezone',462,4,'Normal',332,35,'1.2','180.0',61,524,'30.0','None'),('Lickilicky',463,4,'Normal',67,10,'1.7','140.0',82,525,'30.0','50.0'),('Rhyperior',464,4,'Normal',19,43,'2.4','282.8',333,526,'30.0','50.0'),('Tangrowth',465,4,'Normal',70,44,'2.0','128.6',87,527,'30.0','50.0'),('Electivire',466,4,'Normal',333,13,'1.8','138.6',334,528,'30.0','75.0'),('Magmortar',467,4,'Normal',334,2,'1.6','68.0',99,529,'30.0','75.0'),('Togekiss',468,4,'Normal',335,57,'1.5','38.0',136,530,'30.0','87.5'),('Yanmega',469,4,'Normal',336,7,'1.9','51.5',335,531,'30.0','50.0'),('Leafeon',470,4,'Normal',337,44,'1.0','25.5',336,532,'45.0','87.5'),('Glaceon',471,4,'Normal',338,19,'0.8','25.9',337,533,'45.0','87.5'),('Gliscor',472,4,'Normal',339,68,'2.0','42.5',338,534,'30.0','50.0'),('Mamoswine',473,4,'Normal',340,74,'2.5','291.0',170,535,'50.0','50.0'),('Porygon-Z',474,4,'Normal',91,10,'0.9','34.0',339,536,'30.0','None'),('Gallade',475,4,'Normal',341,55,'1.6','52.0',340,537,'45.0','100.0'),('Mega Gallade',475,4,'Normal',341,55,'1.6','56.4',341,538,'45.0','100.0'),('Probopass',476,4,'Normal',203,106,'1.4','340.0',225,539,'60.0','50.0'),('Dusknoir',477,4,'Normal',342,65,'2.2','106.6',268,540,'45.0','50.0'),('Froslass',478,4,'Normal',343,115,'1.3','26.6',342,541,'75.0','0.0'),('Rotom',479,4,'Normal',344,116,'0.3','0.3',69,542,'45.0','None'),('Heat Rotom',479,4,'Normal',344,117,'0.3','0.3',69,543,'45.0','None'),('Wash Rotom',479,4,'Normal',344,118,'0.3','0.3',69,543,'45.0','None'),('Frost Rotom',479,4,'Normal',344,119,'0.3','0.3',69,543,'45.0','None'),('Fan Rotom',479,4,'Normal',344,52,'0.3','0.3',69,543,'45.0','None'),('Mow Rotom',479,4,'Normal',344,120,'0.3','0.3',69,543,'45.0','None'),('Uxie',480,4,'Sub Legendary',345,29,'0.3','0.3',69,544,'3.0','None'),('Mesprit',481,4,'Sub Legendary',187,29,'0.3','0.3',69,545,'3.0','None'),('Azelf',482,4,'Sub Legendary',346,29,'0.3','0.3',69,546,'3.0','None'),('Dialga',483,4,'Legendary',347,121,'5.4','683.0',343,547,'3.0','None'),('Palkia',484,4,'Legendary',348,78,'4.2','336.0',343,548,'3.0','None'),('Heatran',485,4,'Sub Legendary',349,122,'1.7','430.0',344,549,'3.0','50.0'),('Regigigas',486,4,'Sub Legendary',350,10,'3.7','420.0',345,550,'3.0','None'),('Giratina Altered Forme',487,4,'Legendary',351,123,'4.5','750.0',343,551,'3.0','None'),('Giratina Origin Forme',487,4,'Legendary',351,123,'6.9','650.0',69,552,'3.0','None'),('Cresselia',488,4,'Sub Legendary',352,29,'1.5','85.6',69,553,'3.0','0.0'),('Phione',489,4,'Mythical',353,5,'0.4','3.1',346,408,'30.0','None'),('Manaphy',490,4,'Mythical',354,5,'0.3','1.4',346,181,'3.0','None'),('Darkrai',491,4,'Mythical',355,25,'1.5','50.5',347,554,'3.0','None'),('Shaymin Land Forme',492,4,'Mythical',356,44,'0.2','2.1',194,181,'45.0','None'),('Shaymin Sky Forme',492,4,'Mythical',356,62,'0.4','5.2',288,555,'45.0','None'),('Arceus',493,4,'Mythical',357,10,'3.2','320.0',348,556,'3.0','None'),('Victini',494,5,'Mythical',358,124,'0.4','4.0',349,181,'3.0','None'),('Snivy',495,5,'Normal',359,44,'0.6','8.1',350,557,'45.0','87.5'),('Servine',496,5,'Normal',359,44,'0.8','16.0',350,558,'45.0','87.5'),('Serperior',497,5,'Normal',360,44,'3.3','63.0',350,559,'45.0','87.5'),('Tepig',498,5,'Normal',361,2,'0.5','9.9',351,560,'45.0','87.5'),('Pignite',499,5,'Normal',361,81,'1.0','55.5',351,561,'45.0','87.5'),('Emboar',500,5,'Normal',362,81,'1.6','150.0',352,562,'45.0','87.5'),('Oshawott',501,5,'Normal',363,5,'0.5','5.9',353,563,'45.0','87.5'),('Dewott',502,5,'Normal',364,5,'0.8','24.5',353,564,'45.0','87.5'),('Samurott',503,5,'Normal',365,5,'1.5','94.6',353,565,'45.0','87.5'),('Patrat',504,5,'Normal',103,10,'0.5','11.6',354,566,'255.0','50.0'),('Watchog',505,5,'Normal',366,10,'1.1','27.0',355,567,'255.0','50.0'),('Lillipup',506,5,'Normal',34,10,'0.4','4.1',356,568,'255.0','50.0'),('Herdier',507,5,'Normal',367,10,'0.9','14.7',357,569,'120.0','50.0'),('Stoutland',508,5,'Normal',368,10,'1.2','61.0',357,570,'45.0','50.0'),('Purrloin',509,5,'Normal',369,25,'0.4','10.1',358,571,'255.0','50.0'),('Liepard',510,5,'Normal',370,25,'1.1','37.5',358,572,'90.0','50.0'),('Pansage',511,5,'Normal',371,44,'0.6','10.5',359,573,'190.0','87.5'),('Simisage',512,5,'Normal',372,44,'1.1','30.5',359,574,'75.0','87.5'),('Pansear',513,5,'Normal',373,2,'0.6','11.0',360,573,'190.0','87.5'),('Simisear',514,5,'Normal',374,2,'1.0','28.0',360,574,'75.0','87.5'),('Panpour',515,5,'Normal',375,5,'0.6','13.5',361,573,'190.0','87.5'),('Simipour',516,5,'Normal',376,5,'1.0','29.0',361,574,'75.0','87.5'),('Munna',517,5,'Normal',377,29,'0.6','23.3',362,575,'190.0','50.0'),('Musharna',518,5,'Normal',378,29,'1.1','60.5',362,576,'75.0','50.0'),('Pidove',519,5,'Normal',379,9,'0.3','2.1',363,577,'255.0','50.0'),('Tranquill',520,5,'Normal',380,9,'0.6','15.0',363,578,'120.0','50.0'),('Unfezant',521,5,'Normal',381,9,'1.2','29.0',363,579,'45.0','50.0'),('Blitzle',522,5,'Normal',382,13,'0.8','29.8',364,580,'190.0','50.0'),('Zebstrika',523,5,'Normal',333,13,'1.6','79.5',364,581,'75.0','50.0'),('Roggenrola',524,5,'Normal',383,61,'0.4','18.0',365,582,'255.0','50.0'),('Boldore',525,5,'Normal',384,61,'0.9','102.0',365,583,'120.0','50.0'),('Gigalith',526,5,'Normal',385,61,'1.7','260.0',366,584,'45.0','50.0'),('Woobat',527,5,'Normal',23,58,'0.4','2.1',367,585,'190.0','50.0'),('Swoobat',528,5,'Normal',386,58,'0.9','10.5',367,586,'45.0','50.0'),('Drilbur',529,5,'Normal',29,15,'0.3','8.5',368,587,'120.0','50.0'),('Excadrill',530,5,'Normal',387,24,'0.7','40.4',368,588,'60.0','50.0'),('Audino',531,5,'Normal',388,10,'1.1','31.0',369,589,'255.0','50.0'),('Mega Audino',531,5,'Normal',388,21,'1.5','32.0',370,590,'255.0','50.0'),('Timburr',532,5,'Normal',389,27,'0.6','12.5',371,591,'180.0','75.0'),('Gurdurr',533,5,'Normal',389,27,'1.2','40.0',371,592,'90.0','75.0'),('Conkeldurr',534,5,'Normal',389,27,'1.4','87.0',371,593,'45.0','75.0'),('Tympole',535,5,'Normal',36,5,'0.5','4.5',372,594,'255.0','50.0'),('Palpitoad',536,5,'Normal',226,63,'0.8','17.0',372,595,'120.0','50.0'),('Seismitoad',537,5,'Normal',226,63,'1.5','62.0',373,596,'45.0','50.0'),('Throh',538,5,'Normal',390,27,'1.3','55.5',374,597,'45.0','100.0'),('Sawk',539,5,'Normal',391,27,'1.4','51.0',375,598,'45.0','100.0'),('Sewaddle',540,5,'Normal',392,23,'0.3','2.5',376,599,'255.0','50.0'),('Swadloon',541,5,'Normal',393,23,'0.5','7.3',377,600,'120.0','50.0'),('Leavanny',542,5,'Normal',394,23,'1.2','20.5',376,601,'45.0','50.0'),('Venipede',543,5,'Normal',395,8,'0.4','5.3',378,602,'255.0','50.0'),('Whirlipede',544,5,'Normal',396,8,'1.2','58.5',378,603,'120.0','50.0'),('Scolipede',545,5,'Normal',397,8,'2.5','200.5',378,604,'45.0','50.0'),('Cottonee',546,5,'Normal',398,125,'0.3','0.6',379,605,'190.0','50.0'),('Whimsicott',547,5,'Normal',399,125,'0.7','6.6',379,606,'75.0','50.0'),('Petilil',548,5,'Normal',400,44,'0.5','6.6',380,607,'190.0','0.0'),('Lilligant',549,5,'Normal',401,44,'1.1','16.3',380,608,'75.0','0.0'),('Basculin Red-Striped Form',550,5,'Normal',402,5,'1.0','18.0',381,609,'25.0','50.0'),('Basculin Blue-Striped Form',550,5,'Normal',402,5,'1.0','18.0',382,609,'25.0','50.0'),('Sandile',551,5,'Normal',403,126,'0.7','15.2',383,610,'180.0','50.0'),('Krokorok',552,5,'Normal',403,126,'1.0','33.4',383,611,'90.0','50.0'),('Krookodile',553,5,'Normal',404,126,'1.5','96.3',383,612,'45.0','50.0'),('Darumaka',554,5,'Normal',405,2,'0.6','37.5',384,613,'120.0','50.0'),('Galarian Darumaka',554,5,'Normal',405,19,'0.7','40.0',384,613,'None','None'),('Darmanitan Standard Mode',555,5,'Normal',406,2,'1.3','92.9',385,614,'60.0','50.0'),('Darmanitan Zen Mode',555,5,'Normal',406,127,'1.3','92.9',385,615,'60.0','50.0'),('Darmanitan Galarian Standard Mode',555,5,'Normal',405,19,'1.7','120.0',386,614,'None','None'),('Darmanitan Galarian Zen Mode',555,5,'Normal',405,128,'1.7','120.0',386,616,'None','None'),('Maractus',556,5,'Normal',227,44,'1.0','28.0',387,617,'255.0','50.0'),('Dwebble',557,5,'Normal',407,70,'0.3','14.5',388,618,'190.0','50.0'),('Crustle',558,5,'Normal',408,70,'1.4','200.0',388,619,'75.0','50.0'),('Scraggy',559,5,'Normal',409,129,'0.6','11.8',389,620,'180.0','50.0'),('Scrafty',560,5,'Normal',410,129,'1.1','30.0',389,621,'90.0','50.0'),('Sigilyph',561,5,'Normal',411,58,'1.4','14.0',390,622,'45.0','50.0'),('Yamask',562,5,'Normal',412,65,'0.5','1.5',391,623,'190.0','50.0'),('Galarian Yamask',562,5,'Normal',412,130,'0.5','1.5',392,624,'None','None'),('Cofagrigus',563,5,'Normal',413,65,'1.7','76.5',391,625,'90.0','50.0'),('Tirtouga',564,5,'Normal',414,75,'0.7','16.5',393,626,'45.0','87.5'),('Carracosta',565,5,'Normal',414,75,'1.2','81.0',393,627,'45.0','87.5'),('Archen',566,5,'Normal',415,50,'0.5','9.5',394,628,'45.0','87.5'),('Archeops',567,5,'Normal',415,50,'1.4','32.0',394,629,'45.0','87.5'),('Trubbish',568,5,'Normal',416,12,'0.6','31.0',395,630,'190.0','50.0'),('Garbodor',569,5,'Normal',417,12,'1.9','107.3',396,631,'60.0','50.0'),('Zorua',570,5,'Normal',418,25,'0.7','12.5',397,632,'75.0','87.5'),('Zoroark',571,5,'Normal',419,25,'1.6','81.1',397,633,'45.0','87.5'),('Minccino',572,5,'Normal',420,10,'0.4','5.8',398,634,'255.0','25.0'),('Cinccino',573,5,'Normal',421,10,'0.5','7.5',398,635,'60.0','25.0'),('Gothita',574,5,'Normal',422,29,'0.4','5.8',399,636,'200.0','25.0'),('Gothorita',575,5,'Normal',223,29,'0.7','18.0',399,637,'100.0','25.0'),('Gothitelle',576,5,'Normal',423,29,'1.5','44.0',399,638,'50.0','25.0'),('Solosis',577,5,'Normal',424,29,'0.3','1.0',400,639,'200.0','50.0'),('Duosion',578,5,'Normal',425,29,'0.6','8.0',400,640,'100.0','50.0'),('Reuniclus',579,5,'Normal',426,29,'1.0','20.1',400,641,'50.0','50.0'),('Ducklett',580,5,'Normal',185,47,'0.5','5.5',401,642,'190.0','50.0'),('Swanna',581,5,'Normal',427,47,'1.3','24.2',401,643,'45.0','50.0'),('Vanillite',582,5,'Normal',338,19,'0.4','5.7',402,644,'255.0','50.0'),('Vanillish',583,5,'Normal',428,19,'1.1','41.0',402,645,'120.0','50.0'),('Vanilluxe',584,5,'Normal',429,19,'1.3','57.5',403,646,'45.0','50.0'),('Deerling',585,5,'Normal',430,131,'0.6','19.5',404,647,'190.0','50.0'),('Sawsbuck',586,5,'Normal',430,131,'1.9','92.5',404,648,'75.0','50.0'),('Emolga',587,5,'Normal',431,52,'0.4','5.0',405,649,'200.0','50.0'),('Karrablast',588,5,'Normal',432,6,'0.5','5.9',406,650,'200.0','50.0'),('Escavalier',589,5,'Normal',433,67,'1.0','33.0',407,651,'75.0','50.0'),('Foongus',590,5,'Normal',26,1,'0.2','1.0',408,652,'190.0','50.0'),('Amoonguss',591,5,'Normal',26,1,'0.6','10.5',408,653,'75.0','50.0'),('Frillish',592,5,'Normal',434,132,'1.2','33.0',409,654,'190.0','50.0'),('Jellicent',593,5,'Normal',434,132,'2.2','135.0',409,655,'60.0','50.0'),('Alomomola',594,5,'Normal',435,5,'1.2','31.6',410,656,'75.0','50.0'),('Joltik',595,5,'Normal',436,133,'0.1','0.6',411,657,'190.0','50.0'),('Galvantula',596,5,'Normal',437,133,'0.8','14.3',411,658,'75.0','50.0'),('Ferroseed',597,5,'Normal',438,134,'0.6','18.8',412,659,'255.0','50.0'),('Ferrothorn',598,5,'Normal',439,134,'1.0','110.0',412,660,'90.0','50.0'),('Klink',599,5,'Normal',440,26,'0.3','21.0',413,661,'130.0','None'),('Klang',600,5,'Normal',440,26,'0.6','51.0',413,662,'60.0','None'),('Klinklang',601,5,'Normal',440,26,'0.6','81.0',413,663,'30.0','None'),('Tynamo',602,5,'Normal',441,13,'0.2','0.3',69,664,'190.0','50.0'),('Eelektrik',603,5,'Normal',441,13,'1.2','22.0',69,665,'60.0','50.0'),('Eelektross',604,5,'Normal',441,13,'2.1','80.5',69,666,'30.0','50.0'),('Elgyem',605,5,'Normal',442,29,'0.5','9.0',414,667,'255.0','50.0'),('Beheeyem',606,5,'Normal',442,29,'1.0','34.5',414,668,'90.0','50.0'),('Litwick',607,5,'Normal',443,135,'0.3','3.1',415,669,'190.0','50.0'),('Lampent',608,5,'Normal',444,135,'0.6','13.0',415,670,'90.0','50.0'),('Chandelure',609,5,'Normal',445,135,'1.0','34.3',415,671,'45.0','50.0'),('Axew',610,5,'Normal',446,53,'0.6','18.0',416,672,'75.0','50.0'),('Fraxure',611,5,'Normal',447,53,'1.0','36.0',416,673,'60.0','50.0'),('Haxorus',612,5,'Normal',447,53,'1.8','105.5',416,674,'45.0','50.0'),('Cubchoo',613,5,'Normal',448,19,'0.5','8.5',417,675,'120.0','50.0'),('Beartic',614,5,'Normal',449,19,'2.6','260.0',418,676,'60.0','50.0'),('Cryogonal',615,5,'Normal',450,19,'1.1','148.0',69,677,'25.0','None'),('Shelmet',616,5,'Normal',451,6,'0.4','7.7',419,678,'200.0','50.0'),('Accelgor',617,5,'Normal',452,6,'0.8','25.3',420,679,'75.0','50.0'),('Stunfisk',618,5,'Normal',453,136,'0.7','11.0',421,680,'75.0','50.0'),('Galarian Stunfisk',618,5,'Normal',453,24,'0.7','20.5',422,681,'None','None'),('Mienfoo',619,5,'Normal',454,27,'0.9','20.0',423,682,'180.0','50.0'),('Mienshao',620,5,'Normal',454,27,'1.4','35.5',423,683,'45.0','50.0'),('Druddigon',621,5,'Normal',318,53,'1.6','139.0',424,684,'45.0','50.0'),('Golett',622,5,'Normal',455,130,'1.0','92.0',425,685,'190.0','None'),('Golurk',623,5,'Normal',455,130,'2.8','330.0',425,686,'90.0','None'),('Pawniard',624,5,'Normal',456,137,'0.5','10.2',426,687,'120.0','50.0'),('Bisharp',625,5,'Normal',457,137,'1.6','70.0',426,688,'45.0','50.0'),('Bouffalant',626,5,'Normal',458,10,'1.6','94.6',427,689,'45.0','50.0'),('Rufflet',627,5,'Normal',459,9,'0.5','10.5',428,690,'190.0','100.0'),('Braviary',628,5,'Normal',460,9,'1.5','41.0',429,691,'60.0','100.0'),('Vullaby',629,5,'Normal',461,64,'0.5','9.0',430,692,'190.0','0.0'),('Mandibuzz',630,5,'Normal',462,64,'1.2','39.5',430,693,'60.0','0.0'),('Heatmor',631,5,'Normal',463,2,'1.4','58.0',431,694,'90.0','50.0'),('Durant',632,5,'Normal',464,67,'0.3','33.0',432,695,'90.0','50.0'),('Deino',633,5,'Normal',465,138,'0.8','17.3',433,696,'45.0','50.0'),('Zweilous',634,5,'Normal',402,138,'1.4','50.0',433,697,'45.0','50.0'),('Hydreigon',635,5,'Normal',216,138,'1.8','160.0',69,698,'45.0','50.0'),('Larvesta',636,5,'Normal',466,139,'1.1','28.8',434,699,'45.0','50.0'),('Volcarona',637,5,'Normal',122,139,'1.6','46.0',434,700,'15.0','50.0'),('Cobalion',638,5,'Sub Legendary',467,140,'2.1','250.0',435,701,'3.0','None'),('Terrakion',639,5,'Sub Legendary',468,141,'1.9','260.0',435,702,'3.0','None'),('Virizion',640,5,'Sub Legendary',469,85,'2.0','200.0',435,703,'3.0','None'),('Tornadus Incarnate Forme',641,5,'Sub Legendary',470,142,'1.5','63.0',436,704,'3.0','100.0'),('Tornadus Therian Forme',641,5,'Sub Legendary',470,142,'1.4','63.0',437,705,'3.0','100.0'),('Thundurus Incarnate Forme',642,5,'Sub Legendary',471,52,'1.5','61.0',436,704,'3.0','100.0'),('Thundurus Therian Forme',642,5,'Sub Legendary',471,52,'3.0','61.0',438,706,'3.0','100.0'),('Reshiram',643,5,'Legendary',472,143,'3.2','330.0',439,707,'3.0','None'),('Zekrom',644,5,'Legendary',473,144,'2.9','345.0',440,708,'3.0','None'),('Landorus Incarnate Forme',645,5,'Sub Legendary',474,68,'1.5','68.0',441,709,'3.0','100.0'),('Landorus Therian Forme',645,5,'Sub Legendary',474,68,'1.3','68.0',236,710,'3.0','100.0'),('Kyurem',646,5,'Legendary',475,145,'3.0','325.0',289,711,'3.0','None'),('Black Kyurem',646,5,'Legendary',475,145,'3.3','325.0',440,712,'3.0','None'),('White Kyurem',646,5,'Legendary',475,145,'3.6','325.0',439,713,'3.0','None'),('Keldeo Ordinary Forme',647,5,'Mythical',476,28,'1.4','48.5',435,714,'3.0','None'),('Keldeo Resolute Forme',647,5,'Mythical',476,28,'1.4','48.5',435,714,'3.0','None'),('Meloetta Aria Forme',648,5,'Mythical',477,66,'0.6','6.5',288,715,'3.0','None'),('Meloetta Pirouette Forme',648,5,'Mythical',477,108,'0.6','6.5',288,716,'3.0','None'),('Genesect',649,5,'Mythical',478,67,'1.5','82.5',442,717,'3.0','None'),('Chespin',650,6,'Normal',479,44,'0.4','9.0',443,718,'45.0','87.5'),('Quilladin',651,6,'Normal',480,44,'0.7','29.0',443,719,'45.0','87.5'),('Chesnaught',652,6,'Normal',480,85,'1.6','90.0',443,720,'45.0','87.5'),('Fennekin',653,6,'Normal',21,2,'0.4','9.4',444,721,'45.0','87.5'),('Braixen',654,6,'Normal',21,2,'1.0','14.5',444,722,'45.0','87.5'),('Delphox',655,6,'Normal',21,127,'1.5','39.0',444,723,'45.0','87.5'),('Froakie',656,6,'Normal',481,5,'0.3','7.0',445,724,'45.0','87.5'),('Frogadier',657,6,'Normal',481,5,'0.6','10.9',445,725,'45.0','87.5'),('Greninja',658,6,'Normal',195,48,'1.5','40.0',445,726,'45.0','87.5'),('Ash-Greninja',658,6,'Normal',195,48,'1.5','40.0',446,727,'45.0','100.0'),('Bunnelby',659,6,'Normal',482,10,'0.4','5.0',447,728,'255.0','50.0'),('Diggersby',660,6,'Normal',482,146,'1.0','42.4',447,729,'127.0','50.0'),('Fletchling',661,6,'Normal',483,9,'0.3','1.7',448,730,'255.0','50.0'),('Fletchinder',662,6,'Normal',374,3,'0.7','16.0',449,731,'120.0','50.0'),('Talonflame',663,6,'Normal',484,3,'1.2','24.5',449,732,'45.0','50.0'),('Scatterbug',664,6,'Normal',485,6,'0.3','2.5',450,733,'255.0','50.0'),('Spewpa',665,6,'Normal',485,6,'0.3','8.4',451,734,'120.0','50.0'),('Vivillon',666,6,'Normal',486,7,'1.2','17.0',450,735,'45.0','50.0'),('Litleo',667,6,'Normal',487,147,'0.6','13.5',452,736,'220.0','25.0'),('Pyroar',668,6,'Normal',127,147,'1.5','81.5',452,737,'65.0','25.0'),('Flabébé',669,6,'Normal',488,18,'0.1','0.1',453,738,'225.0','0.0'),('Floette',670,6,'Normal',488,18,'0.2','0.9',453,739,'120.0','0.0'),('Florges',671,6,'Normal',489,18,'1.1','10.0',453,740,'45.0','0.0'),('Skiddo',672,6,'Normal',490,44,'0.9','31.0',454,741,'200.0','50.0'),('Gogoat',673,6,'Normal',490,44,'1.7','91.0',454,742,'45.0','50.0'),('Pancham',674,6,'Normal',279,27,'0.6','8.0',455,743,'220.0','50.0'),('Pangoro',675,6,'Normal',491,148,'2.1','136.0',455,744,'65.0','50.0'),('Furfrou',676,6,'Normal',492,10,'1.2','28.0',456,745,'160.0','50.0'),('Espurr',677,6,'Normal',493,29,'0.3','3.5',457,746,'190.0','50.0'),('Meowstic Male',678,6,'Normal',494,29,'0.6','8.5',458,747,'75.0','50.0'),('Meowstic Female',678,6,'Normal',494,29,'0.6','8.5',459,747,'75.0','50.0'),('Honedge',679,6,'Normal',495,149,'0.8','2.0',14,748,'180.0','50.0'),('Doublade',680,6,'Normal',495,149,'0.8','4.5',14,749,'90.0','50.0'),('Aegislash Blade Forme',681,6,'Normal',496,149,'1.7','53.0',460,750,'45.0','50.0'),('Aegislash Shield Forme',681,6,'Normal',496,149,'1.7','53.0',460,751,'45.0','50.0'),('Spritzee',682,6,'Normal',497,18,'0.2','0.5',461,752,'200.0','50.0'),('Aromatisse',683,6,'Normal',498,18,'0.8','15.5',461,753,'140.0','50.0'),('Swirlix',684,6,'Normal',499,18,'0.4','3.5',462,754,'200.0','50.0'),('Slurpuff',685,6,'Normal',500,18,'0.8','5.0',462,755,'140.0','50.0'),('Inkay',686,6,'Normal',501,150,'0.4','3.5',463,756,'190.0','50.0'),('Malamar',687,6,'Normal',502,150,'1.5','47.0',463,757,'80.0','50.0'),('Binacle',688,6,'Normal',503,49,'0.5','31.0',464,758,'120.0','50.0'),('Barbaracle',689,6,'Normal',504,49,'1.3','96.0',464,759,'45.0','50.0'),('Skrelp',690,6,'Normal',505,151,'0.5','7.3',465,760,'225.0','50.0'),('Dragalge',691,6,'Normal',505,152,'1.8','81.5',465,761,'55.0','50.0'),('Clauncher',692,6,'Normal',506,5,'0.5','8.3',7,762,'225.0','50.0'),('Clawitzer',693,6,'Normal',507,5,'1.3','35.3',7,763,'55.0','50.0'),('Helioptile',694,6,'Normal',508,153,'0.5','6.0',466,764,'190.0','50.0'),('Heliolisk',695,6,'Normal',508,153,'1.0','21.0',466,765,'75.0','50.0'),('Tyrunt',696,6,'Normal',509,154,'0.8','26.0',467,766,'45.0','87.5'),('Tyrantrum',697,6,'Normal',510,154,'2.5','270.0',468,767,'45.0','87.5'),('Amaura',698,6,'Normal',511,155,'1.3','25.2',469,768,'45.0','87.5'),('Aurorus',699,6,'Normal',511,155,'2.7','225.0',469,769,'45.0','87.5'),('Sylveon',700,6,'Normal',512,18,'1.0','23.5',470,770,'45.0','87.5'),('Hawlucha',701,6,'Normal',513,156,'0.8','21.5',471,771,'100.0','50.0'),('Dedenne',702,6,'Normal',514,157,'0.2','2.2',472,772,'180.0','50.0'),('Carbink',703,6,'Normal',515,158,'0.3','5.7',281,773,'60.0','None'),('Goomy',704,6,'Normal',516,53,'0.3','2.8',473,774,'45.0','50.0'),('Sliggoo',705,6,'Normal',516,53,'0.8','17.5',473,775,'45.0','50.0'),('Goodra',706,6,'Normal',72,53,'2.0','150.5',473,776,'45.0','50.0'),('Klefki',707,6,'Normal',517,89,'0.2','3.0',474,777,'75.0','50.0'),('Phantump',708,6,'Normal',518,159,'0.4','7.0',475,778,'120.0','50.0'),('Trevenant',709,6,'Normal',519,159,'1.5','71.0',475,779,'60.0','50.0'),('Pumpkaboo Average Size',710,6,'Normal',520,159,'0.4','5.0',476,780,'120.0','50.0'),('Pumpkaboo Small Size',710,6,'Normal',520,159,'0.3','3.5',476,781,'120.0','50.0'),('Pumpkaboo Large Size',710,6,'Normal',520,159,'0.5','7.5',476,782,'120.0','50.0'),('Pumpkaboo Super Size',710,6,'Normal',520,159,'0.8','15.0',476,783,'120.0','50.0'),('Gourgeist Average Size',711,6,'Normal',520,159,'0.9','12.5',476,784,'60.0','50.0'),('Gourgeist Small Size',711,6,'Normal',520,159,'0.7','9.5',476,785,'60.0','50.0'),('Gourgeist Large Size',711,6,'Normal',520,159,'1.1','14.0',476,786,'60.0','50.0'),('Gourgeist Super Size',711,6,'Normal',520,159,'1.7','39.0',476,787,'60.0','50.0'),('Bergmite',712,6,'Normal',521,19,'1.0','99.5',477,788,'190.0','50.0'),('Avalugg',713,6,'Normal',268,19,'2.0','505.0',477,789,'55.0','50.0'),('Noibat',714,6,'Normal',522,160,'0.5','8.0',478,790,'190.0','50.0'),('Noivern',715,6,'Normal',522,160,'1.5','85.0',478,791,'45.0','50.0'),('Xerneas',716,6,'Legendary',523,18,'3.0','215.0',479,792,'45.0','None'),('Yveltal',717,6,'Legendary',524,64,'5.8','203.0',480,792,'45.0','None'),('Zygarde 50% Forme',718,6,'Legendary',525,110,'5.0','305.0',481,793,'3.0','None'),('Zygarde 10% Forme',718,6,'Legendary',525,110,'1.2','33.5',481,794,'3.0','None'),('Zygarde Complete Forme',718,6,'Legendary',525,110,'4.5','610.0',482,795,'3.0','None'),('Diancie',719,6,'Mythical',515,158,'0.7','8.8',483,796,'3.0','None'),('Mega Diancie',719,6,'Mythical',515,158,'1.1','27.8',228,797,'3.0','None'),('Hoopa Hoopa Confined',720,6,'Mythical',526,161,'0.5','9.0',484,798,'3.0','None'),('Hoopa Hoopa Unbound',720,6,'Mythical',527,162,'6.5','490.0',484,799,'3.0','None'),('Volcanion',721,6,'Mythical',528,163,'1.7','195.0',485,800,'3.0','None'),('Rowlet',722,7,'Normal',529,62,'0.3','1.5',486,801,'45.0','87.5'),('Dartrix',723,7,'Normal',530,62,'0.7','16.0',486,802,'45.0','87.5'),('Decidueye',724,7,'Normal',531,164,'1.6','36.6',486,803,'45.0','87.5'),('Litten',725,7,'Normal',532,2,'0.4','4.3',487,804,'45.0','87.5'),('Torracat',726,7,'Normal',532,2,'0.7','25.0',487,805,'45.0','87.5'),('Incineroar',727,7,'Normal',533,165,'1.8','83.0',487,806,'45.0','87.5'),('Popplio',728,7,'Normal',51,5,'0.4','7.5',488,807,'45.0','87.5'),('Brionne',729,7,'Normal',534,5,'0.6','17.5',488,808,'45.0','87.5'),('Primarina',730,7,'Normal',535,60,'1.8','44.0',488,809,'45.0','87.5'),('Pikipek',731,7,'Normal',536,9,'0.3','1.2',489,810,'255.0','50.0'),('Trumbeak',732,7,'Normal',537,9,'0.6','14.8',489,811,'120.0','50.0'),('Toucannon',733,7,'Normal',538,9,'1.1','26.0',490,812,'45.0','50.0'),('Yungoos',734,7,'Normal',539,10,'0.4','6.0',491,813,'255.0','50.0'),('Gumshoos',735,7,'Normal',540,10,'0.7','14.2',491,814,'127.0','50.0'),('Grubbin',736,7,'Normal',541,6,'0.4','4.4',492,815,'255.0','50.0'),('Charjabug',737,7,'Normal',542,133,'0.5','10.5',493,816,'120.0','50.0'),('Vikavolt',738,7,'Normal',82,133,'1.5','45.0',69,817,'45.0','50.0'),('Crabrawler',739,7,'Normal',543,27,'0.6','7.0',494,818,'225.0','50.0'),('Crabominable',740,7,'Normal',544,166,'1.7','180.0',494,819,'60.0','50.0'),('Oricorio Baile Style',741,7,'Normal',77,3,'0.6','3.4',495,820,'45.0','25.0'),('Oricorio Pom-Pom Style',741,7,'Normal',77,52,'0.6','3.4',495,820,'45.0','25.0'),('Oricorio Pa\'u Style',741,7,'Normal',77,58,'0.6','3.4',495,820,'45.0','25.0'),('Oricorio Sensu Style',741,7,'Normal',77,107,'0.6','3.4',495,820,'45.0','25.0'),('Cutiefly',742,7,'Normal',545,167,'0.1','0.2',496,821,'190.0','50.0'),('Ribombee',743,7,'Normal',545,167,'0.2','0.5',496,822,'75.0','50.0'),('Rockruff',744,7,'Normal',34,61,'0.5','9.2',497,823,'190.0','50.0'),('Own Tempo Rockruff',744,7,'Normal',34,61,'0.5','9.2',498,823,'190.0','50.0'),('Lycanroc Midday Form',745,7,'Normal',546,61,'0.8','25.0',499,824,'90.0','50.0'),('Lycanroc Midnight Form',745,7,'Normal',546,61,'1.1','25.0',500,825,'90.0','50.0'),('Lycanroc Dusk Form',745,7,'Normal',546,61,'0.8','25.0',4,826,'90.0','50.0'),('Wishiwashi Solo Form',746,7,'Normal',547,5,'0.2','0.3',501,827,'60.0','50.0'),('Wishiwashi School Form',746,7,'Normal',547,5,'8.2','78.6',501,828,'60.0','50.0'),('Mareanie',747,7,'Normal',548,151,'0.4','8.0',502,829,'190.0','50.0'),('Toxapex',748,7,'Normal',548,151,'0.7','14.5',502,830,'75.0','50.0'),('Mudbray',749,7,'Normal',549,15,'1.0','110.0',503,831,'190.0','50.0'),('Mudsdale',750,7,'Normal',550,15,'2.5','920.0',503,832,'60.0','50.0'),('Dewpider',751,7,'Normal',551,168,'0.3','4.0',504,833,'200.0','50.0'),('Araquanid',752,7,'Normal',551,168,'1.8','82.0',504,834,'100.0','50.0'),('Fomantis',753,7,'Normal',552,44,'0.3','1.5',505,835,'190.0','50.0'),('Lurantis',754,7,'Normal',553,44,'0.9','18.5',505,836,'75.0','50.0'),('Morelull',755,7,'Normal',554,125,'0.2','1.5',506,837,'190.0','50.0'),('Shiinotic',756,7,'Normal',554,125,'1.0','11.5',506,838,'75.0','50.0'),('Salandit',757,7,'Normal',555,169,'0.6','4.8',507,839,'120.0','87.5'),('Salazzle',758,7,'Normal',555,169,'1.2','22.2',507,840,'45.0','0.0'),('Stufful',759,7,'Normal',556,108,'0.5','6.8',508,841,'140.0','50.0'),('Bewear',760,7,'Normal',557,108,'2.1','135.0',509,842,'70.0','50.0'),('Bounsweet',761,7,'Normal',249,44,'0.3','3.2',510,843,'235.0','0.0'),('Steenee',762,7,'Normal',249,44,'0.7','8.2',510,844,'120.0','0.0'),('Tsareena',763,7,'Normal',249,44,'1.2','21.4',511,845,'45.0','0.0'),('Comfey',764,7,'Normal',558,18,'0.1','0.3',512,846,'60.0','25.0'),('Oranguru',765,7,'Normal',559,66,'1.5','76.0',513,847,'45.0','50.0'),('Passimian',766,7,'Normal',560,27,'2.0','82.8',514,848,'45.0','50.0'),('Wimpod',767,7,'Normal',561,84,'0.5','12.0',515,849,'90.0','50.0'),('Golisopod',768,7,'Normal',562,84,'2.0','108.0',516,850,'45.0','50.0'),('Sandygast',769,7,'Normal',563,170,'0.5','70.0',517,851,'140.0','50.0'),('Palossand',770,7,'Normal',564,170,'1.3','250.0',517,852,'60.0','50.0'),('Pyukumuku',771,7,'Normal',565,5,'0.3','1.2',518,853,'60.0','50.0'),('Type: Null',772,7,'Sub Legendary',566,10,'1.9','120.5',519,854,'3.0','None'),('Silvally',773,7,'Sub Legendary',566,10,'2.3','100.5',520,855,'3.0','None'),('Minior Meteor Form',774,7,'Normal',567,50,'0.3','40.0',521,856,'30.0','None'),('Minior Core Form',774,7,'Normal',567,50,'0.3','0.3',521,857,'30.0','None'),('Komala',775,7,'Normal',378,10,'0.4','19.9',522,858,'45.0','50.0'),('Turtonator',776,7,'Normal',568,4,'2.0','212.0',60,859,'70.0','50.0'),('Togedemaru',777,7,'Normal',569,35,'0.3','3.3',523,860,'180.0','50.0'),('Mimikyu',778,7,'Normal',570,171,'0.2','0.7',524,861,'45.0','50.0'),('Bruxish',779,7,'Normal',571,34,'0.9','19.0',525,862,'80.0','50.0'),('Drampa',780,7,'Normal',572,172,'3.0','185.0',526,863,'70.0','50.0'),('Dhelmise',781,7,'Normal',573,159,'3.9','210.0',527,864,'25.0','None'),('Jangmo-o',782,7,'Normal',574,53,'0.6','29.7',528,865,'45.0','50.0'),('Hakamo-o',783,7,'Normal',574,173,'1.2','47.0',528,866,'45.0','50.0'),('Kommo-o',784,7,'Normal',574,173,'1.6','78.2',528,867,'45.0','50.0'),('Tapu Koko',785,7,'Sub Legendary',575,157,'1.8','20.5',529,868,'3.0','None'),('Tapu Lele',786,7,'Sub Legendary',575,33,'1.2','18.6',530,869,'3.0','None'),('Tapu Bulu',787,7,'Sub Legendary',575,125,'1.9','45.5',531,870,'3.0','None'),('Tapu Fini',788,7,'Sub Legendary',575,60,'1.3','21.2',532,871,'3.0','None'),('Cosmog',789,7,'Legendary',576,29,'0.2','0.1',533,872,'45.0','None'),('Cosmoem',790,7,'Legendary',577,29,'0.1','999.9',534,873,'45.0','None'),('Solgaleo',791,7,'Legendary',578,174,'3.4','230.0',535,874,'45.0','None'),('Lunala',792,7,'Legendary',579,161,'4.0','120.0',536,875,'45.0','None'),('Nihilego',793,7,'Sub Legendary',580,175,'1.2','55.5',537,876,'45.0','None'),('Buzzwole',794,7,'Sub Legendary',581,71,'2.4','333.6',537,877,'45.0','None'),('Pheromosa',795,7,'Sub Legendary',582,71,'1.8','25.0',537,878,'45.0','None'),('Xurkitree',796,7,'Sub Legendary',583,13,'3.8','100.0',537,879,'45.0','None'),('Celesteela',797,7,'Sub Legendary',584,76,'9.2','999.9',537,880,'45.0','None'),('Kartana',798,7,'Sub Legendary',585,134,'0.3','0.1',537,881,'45.0','None'),('Guzzlord',799,7,'Sub Legendary',586,138,'5.5','888.0',537,882,'45.0','None'),('Necrozma',800,7,'Legendary',587,29,'2.4','230.0',538,883,'255.0','None'),('Dusk Mane Necrozma',800,7,'Legendary',587,174,'3.8','460.0',538,884,'3.0','None'),('Dawn Wings Necrozma',800,7,'Legendary',587,161,'4.2','350.0',538,885,'3.0','None'),('Ultra Necrozma',800,7,'Legendary',587,176,'7.5','230.0',539,886,'3.0','None'),('Magearna',801,7,'Mythical',588,89,'1.0','80.5',540,887,'3.0','None'),('Marshadow',802,7,'Mythical',589,177,'0.7','22.2',162,888,'3.0','None'),('Poipole',803,7,'Sub Legendary',18,12,'0.6','1.8',537,889,'45.0','None'),('Naganadel',804,7,'Sub Legendary',18,152,'3.6','150.0',537,890,'45.0','None'),('Stakataka',805,7,'Sub Legendary',590,106,'5.5','820.0',537,891,'30.0','None'),('Blacephalon',806,7,'Sub Legendary',591,41,'1.8','13.0',537,892,'30.0','None'),('Zeraora',807,7,'Mythical',592,13,'1.5','44.5',438,893,'3.0','None'),('Meltan',808,7,'Mythical',593,26,'0.2','8.0',541,894,'None','None'),('Melmetal',809,7,'Mythical',593,26,'2.5','800.0',542,895,'None','None'),('Grookey',810,8,'Normal',278,44,'0.3','5.0',543,896,'None','None'),('Thwackey',811,8,'Normal',594,44,'0.7','14.0',543,897,'None','None'),('Rillaboom',812,8,'Normal',595,44,'2.1','90.0',543,898,'None','None'),('Scorbunny',813,8,'Normal',303,2,'0.3','4.5',544,899,'None','None'),('Raboot',814,8,'Normal',303,2,'0.6','9.0',544,900,'None','None'),('Cinderace',815,8,'Normal',596,2,'1.4','33.0',544,901,'None','None'),('Sobble',816,8,'Normal',597,5,'0.3','4.0',545,902,'None','None'),('Drizzile',817,8,'Normal',598,5,'0.7','11.5',545,903,'None','None'),('Inteleon',818,8,'Normal',599,5,'1.9','45.2',545,904,'None','None'),('Skwovet',819,8,'Normal',600,10,'0.3','2.5',546,905,'None','None'),('Greedent',820,8,'Normal',601,10,'0.6','6.0',546,906,'None','None'),('Rookidee',821,8,'Normal',12,142,'0.2','1.8',547,907,'None','None'),('Corvisquire',822,8,'Normal',602,142,'0.8','16.0',547,908,'None','None'),('Corviknight',823,8,'Normal',602,178,'2.2','75.0',548,909,'None','None'),('Blipbug',824,8,'Normal',541,6,'0.4','8.0',549,910,'None','None'),('Dottler',825,8,'Normal',603,179,'0.4','19.5',549,911,'None','None'),('Orbeetle',826,8,'Normal',604,179,'0.4','40.8',550,912,'None','None'),('Nickit',827,8,'Normal',21,25,'0.6','8.9',551,913,'None','None'),('Thievul',828,8,'Normal',21,25,'1.2','19.9',551,914,'None','None'),('Gossifleur',829,8,'Normal',401,44,'0.4','2.2',552,915,'None','None'),('Eldegoss',830,8,'Normal',605,44,'0.5','2.5',552,916,'None','None'),('Wooloo',831,8,'Normal',606,10,'0.6','6.0',553,917,'None','None'),('Dubwool',832,8,'Normal',606,10,'1.3','43.0',554,918,'None','None'),('Chewtle',833,8,'Normal',607,5,'0.3','8.5',555,919,'None','None'),('Drednaw',834,8,'Normal',172,75,'1.0','115.5',555,920,'None','None'),('Yamper',835,8,'Normal',34,13,'0.3','13.5',556,921,'None','None'),('Boltund',836,8,'Normal',608,13,'1.0','34.0',557,922,'None','None'),('Rolycoly',837,8,'Normal',221,61,'0.3','12.0',558,923,'None','None'),('Carkol',838,8,'Normal',221,180,'1.1','78.0',559,924,'None','None'),('Coalossal',839,8,'Normal',221,180,'2.8','310.5',559,925,'None','None'),('Applin',840,8,'Normal',609,40,'0.2','0.5',560,926,'None','None'),('Flapple',841,8,'Normal',610,40,'0.3','1.0',561,927,'None','None'),('Appletun',842,8,'Normal',611,40,'0.4','13.0',562,928,'None','None'),('Silicobra',843,8,'Normal',612,15,'2.2','7.6',563,929,'None','None'),('Sandaconda',844,8,'Normal',612,15,'3.8','65.5',563,930,'None','None'),('Cramorant',845,8,'Normal',613,181,'0.8','18.0',564,931,'None','None'),('Arrokuda',846,8,'Normal',614,5,'0.5','1.0',565,932,'None','None'),('Barraskewda',847,8,'Normal',615,5,'1.3','30.0',565,933,'None','None'),('Toxel',848,8,'Normal',616,182,'0.4','11.0',566,934,'None','None'),('Toxtricity Low Key Form',849,8,'Normal',617,182,'1.6','40.0',567,935,'None','None'),('Toxtricity Amped Form',849,8,'Normal',617,182,'1.6','40.0',568,935,'None','None'),('Sizzlipede',850,8,'Normal',618,183,'0.7','1.0',569,936,'None','None'),('Centiskorch',851,8,'Normal',618,183,'3.0','120.0',569,937,'None','None'),('Clobbopus',852,8,'Normal',619,27,'0.6','4.0',570,938,'None','None'),('Grapploct',853,8,'Normal',619,27,'1.6','39.0',570,939,'None','None'),('Sinistea',854,8,'Normal',620,65,'0.1','0.2',172,940,'None','None'),('Polteageist',855,8,'Normal',620,65,'0.2','0.4',172,941,'None','None'),('Hatenna',856,8,'Normal',621,29,'0.4','3.4',571,942,'None','None'),('Hattrem',857,8,'Normal',622,29,'0.6','4.8',571,943,'None','None'),('Hatterene',858,8,'Normal',623,33,'2.1','5.0',571,944,'None','None'),('Impidimp',859,8,'Normal',180,184,'0.4','5.5',572,945,'None','None'),('Morgrem',860,8,'Normal',369,184,'0.8','12.5',572,946,'None','None'),('Grimmsnarl',861,8,'Normal',624,184,'1.5','61.0',572,947,'None','None'),('Obstagoon',862,8,'Normal',625,11,'1.6','46.0',573,948,'None','None'),('Perrserker',863,8,'Normal',626,26,'0.8','28.0',574,949,'None','None'),('Cursola',864,8,'Normal',144,65,'1.0','0.4',575,950,'None','None'),('Sirfetch\'d',865,8,'Normal',48,27,'0.8','117.0',63,951,'None','None'),('Mr. Rime',866,8,'Normal',627,45,'1.5','58.2',576,952,'None','None'),('Runerigus',867,8,'Normal',628,130,'1.6','66.6',392,953,'None','None'),('Milcery',868,8,'Normal',629,18,'0.2','0.3',577,954,'None','None'),('Alcremie',869,8,'Normal',629,18,'0.3','0.5',577,955,'None','None'),('Falinks',870,8,'Normal',630,27,'3.0','62.0',578,956,'None','None'),('Pincurchin',871,8,'Normal',631,13,'0.3','1.0',579,957,'None','None'),('Snom',872,8,'Normal',7,185,'0.3','3.8',580,958,'None','None'),('Frosmoth',873,8,'Normal',632,185,'1.3','42.0',580,959,'None','None'),('Stonjourner',874,8,'Normal',633,61,'2.5','520.0',581,960,'None','None'),('Eiscue Ice Face',875,8,'Normal',280,19,'1.4','89.0',582,961,'None','None'),('Eiscue Noice Face',875,8,'Normal',280,19,'1.4','89.0',582,962,'None','None'),('Indeedee Male',876,8,'Normal',187,186,'0.9','28.0',583,963,'None','None'),('Indeedee Female',876,8,'Normal',187,186,'0.9','28.0',584,964,'None','None'),('Morpeko Full Belly Mode',877,8,'Normal',634,187,'0.3','3.0',585,965,'None','None'),('Morpeko Hangry Mode',877,8,'Normal',634,187,'0.3','3.0',585,965,'None','None'),('Cufant',878,8,'Normal',635,26,'1.2','100.0',586,966,'None','None'),('Copperajah',879,8,'Normal',635,26,'3.0','650.0',586,967,'None','None'),('Dracozolt',880,8,'Normal',93,59,'1.8','190.0',587,968,'None','None'),('Arctozolt',881,8,'Normal',93,119,'2.3','150.0',588,969,'None','None'),('Dracovish',882,8,'Normal',93,78,'2.3','215.0',589,970,'None','None'),('Arctovish',883,8,'Normal',93,36,'2.0','175.0',590,971,'None','None'),('Duraludon',884,8,'Normal',636,121,'1.8','40.0',591,972,'None','None'),('Dreepy',885,8,'Normal',637,188,'0.5','2.0',592,973,'None','None'),('Drakloak',886,8,'Normal',638,188,'1.4','11.0',592,974,'None','None'),('Dragapult',887,8,'Normal',639,188,'3.0','50.0',592,975,'None','None'),('Zacian Crowned Sword',888,8,'Legendary',640,189,'2.8','355.0',593,976,'None','None'),('Zacian Hero of Many Battles',888,8,'Legendary',640,18,'2.8','110.0',593,977,'None','None'),('Zamazenta Crowned Shield',889,8,'Legendary',640,111,'2.9','785.0',594,978,'None','None'),('Zamazenta Hero of Many Battles',889,8,'Legendary',640,27,'2.9','210.0',594,977,'None','None'),('Eternatus',890,8,'Legendary',641,152,'20.0','950.0',289,979,'None','None'),('Eternatus Eternamax',890,8,'Legendary',641,152,'100.0','None',595,980,'None','None');
/*!40000 ALTER TABLE `Characteristics` ENABLE KEYS */;
UNLOCK TABLES;

--
-- Table structure for table `Generation`
--

DROP TABLE IF EXISTS `Generation`;
/*!40101 SET @saved_cs_client     = @@character_set_client */;
/*!50503 SET character_set_client = utf8mb4 */;
CREATE TABLE `Generation` (
  `generation` int DEFAULT NULL,
  `region_name` varchar(20) DEFAULT NULL
) ENGINE=InnoDB DEFAULT CHARSET=utf8mb4 COLLATE=utf8mb4_0900_ai_ci;
/*!40101 SET character_set_client = @saved_cs_client */;

--
-- Dumping data for table `Generation`
--

LOCK TABLES `Generation` WRITE;
/*!40000 ALTER TABLE `Generation` DISABLE KEYS */;
INSERT INTO `Generation` VALUES (1,'Kanto'),(2,'Johto'),(3,'Hoenn'),(4,'Sinnoh'),(5,'Unova'),(6,'Kalos'),(7,'Alola'),(8,'Galar');
/*!40000 ALTER TABLE `Generation` ENABLE KEYS */;
UNLOCK TABLES;

--
-- Table structure for table `Species`
--

DROP TABLE IF EXISTS `Species`;
/*!40101 SET @saved_cs_client     = @@character_set_client */;
/*!50503 SET character_set_client = utf8mb4 */;
CREATE TABLE `Species` (
  `species_ID` int DEFAULT NULL,
  `species` varchar(255) DEFAULT NULL
) ENGINE=InnoDB DEFAULT CHARSET=utf8mb4 COLLATE=utf8mb4_0900_ai_ci;
/*!40101 SET character_set_client = @saved_cs_client */;

--
-- Dumping data for table `Species`
--

LOCK TABLES `Species` WRITE;
/*!40000 ALTER TABLE `Species` DISABLE KEYS */;
INSERT INTO `Species` VALUES (1,'Seed Pokémon'),(2,'Lizard Pokémon'),(3,'Flame Pokémon'),(4,'Tiny Turtle Pokémon'),(5,'Turtle Pokémon'),(6,'Shellfish Pokémon'),(7,'Worm Pokémon'),(8,'Cocoon Pokémon'),(9,'Butterfly Pokémon'),(10,'Hairy Bug Pokémon'),(11,'Poison Bee Pokémon'),(12,'Tiny Bird Pokémon'),(13,'Bird Pokémon'),(14,'Mouse Pokémon'),(15,'Beak Pokémon'),(16,'Snake Pokémon'),(17,'Cobra Pokémon'),(18,'Poison Pin Pokémon'),(19,'Drill Pokémon'),(20,'Fairy Pokémon'),(21,'Fox Pokémon'),(22,'Balloon Pokémon'),(23,'Bat Pokémon'),(24,'Weed Pokémon'),(25,'Flower Pokémon'),(26,'Mushroom Pokémon'),(27,'Insect Pokémon'),(28,'Poison Moth Pokémon'),(29,'Mole Pokémon'),(30,'Scratch Cat Pokémon'),(31,'Classy Cat Pokémon'),(32,'Duck Pokémon'),(33,'Pig Monkey Pokémon'),(34,'Puppy Pokémon'),(35,'Legendary Pokémon'),(36,'Tadpole Pokémon'),(37,'Psi Pokémon'),(38,'Superpower Pokémon'),(39,'Flycatcher Pokémon'),(40,'Jellyfish Pokémon'),(41,'Rock Pokémon'),(42,'Megaton Pokémon'),(43,'Fire Horse Pokémon'),(44,'Unique Horn Pokémon'),(45,'Dopey Pokémon'),(46,'Hermit Crab Pokémon'),(47,'Magnet Pokémon'),(48,'Wild Duck Pokémon'),(49,'Twin Bird Pokémon'),(50,'Triple Bird Pokémon'),(51,'Sea Lion Pokémon'),(52,'Sludge Pokémon'),(53,'Bivalve Pokémon'),(54,'Gas Pokémon'),(55,'Shadow Pokémon'),(56,'Rock Snake Pokémon'),(57,'Hypnosis Pokémon'),(58,'River Crab Pokémon'),(59,'Pincer Pokémon'),(60,'Ball Pokémon'),(61,'Egg Pokémon'),(62,'Coconut Pokémon'),(63,'Lonely Pokémon'),(64,'Bone Keeper Pokémon'),(65,'Kicking Pokémon'),(66,'Punching Pokémon'),(67,'Licking Pokémon'),(68,'Poison Gas Pokémon'),(69,'Spikes Pokémon'),(70,'Vine Pokémon'),(71,'Parent Pokémon'),(72,'Dragon Pokémon'),(73,'Goldfish Pokémon'),(74,'Star Shape Pokémon'),(75,'Mysterious Pokémon'),(76,'Barrier Pokémon'),(77,'Dancing Pokémon'),(78,'Mantis Pokémon'),(79,'Human Shape Pokémon'),(80,'Electric Pokémon'),(81,'Spitfire Pokémon'),(82,'Stag Beetle Pokémon'),(83,'Wild Bull Pokémon'),(84,'Fish Pokémon'),(85,'Atrocious Pokémon'),(86,'Transport Pokémon'),(87,'Transform Pokémon'),(88,'Evolution Pokémon'),(89,'Bubble Jet Pokémon'),(90,'Lightning Pokémon'),(91,'Virtual Pokémon'),(92,'Spiral Pokémon'),(93,'Fossil Pokémon'),(94,'Sleeping Pokémon'),(95,'Freeze Pokémon'),(96,'Genetic Pokémon'),(97,'New Species Pokémon'),(98,'Leaf Pokémon'),(99,'Herb Pokémon'),(100,'Fire Mouse Pokémon'),(101,'Volcano Pokémon'),(102,'Big Jaw Pokémon'),(103,'Scout Pokémon'),(104,'Long Body Pokémon'),(105,'Owl Pokémon'),(106,'Five Star Pokémon'),(107,'String Spit Pokémon'),(108,'Long Leg Pokémon'),(109,'Angler Pokémon'),(110,'Light Pokémon'),(111,'Tiny Mouse Pokémon'),(112,'Spike Ball Pokémon'),(113,'Happiness Pokémon'),(114,'Mystic Pokémon'),(115,'Wool Pokémon'),(116,'Aqua Mouse Pokémon'),(117,'Aqua Rabbit Pokémon'),(118,'Imitation Pokémon'),(119,'Frog Pokémon'),(120,'Cottonweed Pokémon'),(121,'Long Tail Pokémon'),(122,'Sun Pokémon'),(123,'Clear Wing Pokémon'),(124,'Water Fish Pokémon'),(125,'Moonlight Pokémon'),(126,'Darkness Pokémon'),(127,'Royal Pokémon'),(128,'Screech Pokémon'),(129,'Symbol Pokémon'),(130,'Patient Pokémon'),(131,'Long Neck Pokémon'),(132,'Bagworm Pokémon'),(133,'Land Snake Pokémon'),(134,'FlyScorpion Pokémon'),(135,'Iron Snake Pokémon'),(136,'Mold Pokémon'),(137,'Single Horn Pokémon'),(138,'Sharp Claw Pokémon'),(139,'Little Bear Pokémon'),(140,'Hibernator Pokémon'),(141,'Lava Pokémon'),(142,'Pig Pokémon'),(143,'Swine Pokémon'),(144,'Coral Pokémon'),(145,'Jet Pokémon'),(146,'Delivery Pokémon'),(147,'Kite Pokémon'),(148,'Armor Bird Pokémon'),(149,'Dark Pokémon'),(150,'Long Nose Pokémon'),(151,'Armor Pokémon'),(152,'Big Horn Pokémon'),(153,'Painter Pokémon'),(154,'Scuffle Pokémon'),(155,'Handstand Pokémon'),(156,'Kiss Pokémon'),(157,'Live Coal Pokémon'),(158,'Milk Cow Pokémon'),(159,'Thunder Pokémon'),(160,'Aurora Pokémon'),(161,'Rock Skin Pokémon'),(162,'Hard Shell Pokémon'),(163,'Diving Pokémon'),(164,'Rainbow Pokémon'),(165,'Time Travel Pokémon'),(166,'Wood Gecko Pokémon'),(167,'Forest Pokémon'),(168,'Chick Pokémon'),(169,'Young Fowl Pokémon'),(170,'Blaze Pokémon'),(171,'Mud Fish Pokémon'),(172,'Bite Pokémon'),(173,'TinyRaccoon Pokémon'),(174,'Tiny Raccoon Pokémon'),(175,'Rushing Pokémon'),(176,'Water Weed Pokémon'),(177,'Jolly Pokémon'),(178,'Carefree Pokémon'),(179,'Acorn Pokémon'),(180,'Wily Pokémon'),(181,'Wicked Pokémon'),(182,'TinySwallow Pokémon'),(183,'Swallow Pokémon'),(184,'Seagull Pokémon'),(185,'Water Bird Pokémon'),(186,'Feeling Pokémon'),(187,'Emotion Pokémon'),(188,'Embrace Pokémon'),(189,'Pond Skater Pokémon'),(190,'Eyeball Pokémon'),(191,'Slacker Pokémon'),(192,'Wild Monkey Pokémon'),(193,'Lazy Pokémon'),(194,'Trainee Pokémon'),(195,'Ninja Pokémon'),(196,'Shed Pokémon'),(197,'Whisper Pokémon'),(198,'Big Voice Pokémon'),(199,'Loud Noise Pokémon'),(200,'Guts Pokémon'),(201,'Arm Thrust Pokémon'),(202,'Polka Dot Pokémon'),(203,'Compass Pokémon'),(204,'Kitten Pokémon'),(205,'Prim Pokémon'),(206,'Deceiver Pokémon'),(207,'Iron Armor Pokémon'),(208,'Meditate Pokémon'),(209,'Discharge Pokémon'),(210,'Cheering Pokémon'),(211,'Firefly Pokémon'),(212,'Thorn Pokémon'),(213,'Stomach Pokémon'),(214,'Poison Bag Pokémon'),(215,'Savage Pokémon'),(216,'Brutal Pokémon'),(217,'Ball Whale Pokémon'),(218,'Float Whale Pokémon'),(219,'Numb Pokémon'),(220,'Eruption Pokémon'),(221,'Coal Pokémon'),(222,'Bounce Pokémon'),(223,'Manipulate Pokémon'),(224,'Spot Panda Pokémon'),(225,'Ant Pit Pokémon'),(226,'Vibration Pokémon'),(227,'Cactus Pokémon'),(228,'Scarecrow Pokémon'),(229,'Cotton Bird Pokémon'),(230,'Humming Pokémon'),(231,'Cat Ferret Pokémon'),(232,'Fang Snake Pokémon'),(233,'Meteorite Pokémon'),(234,'Whiskers Pokémon'),(235,'Ruffian Pokémon'),(236,'Rogue Pokémon'),(237,'Clay Doll Pokémon'),(238,'Sea Lily Pokémon'),(239,'Barnacle Pokémon'),(240,'Old Shrimp Pokémon'),(241,'Plate Pokémon'),(242,'Tender Pokémon'),(243,'Weather Pokémon'),(244,'Color Swap Pokémon'),(245,'Puppet Pokémon'),(246,'Marionette Pokémon'),(247,'Requiem Pokémon'),(248,'Beckon Pokémon'),(249,'Fruit Pokémon'),(250,'Wind Chime Pokémon'),(251,'Disaster Pokémon'),(252,'Bright Pokémon'),(253,'Snow Hat Pokémon'),(254,'Face Pokémon'),(255,'Clap Pokémon'),(256,'Ball Roll Pokémon'),(257,'Ice Break Pokémon'),(258,'Deep Sea Pokémon'),(259,'South Sea Pokémon'),(260,'Longevity Pokémon'),(261,'Rendezvous Pokémon'),(262,'Rock Head Pokémon'),(263,'Endurance Pokémon'),(264,'Iron Ball Pokémon'),(265,'Iron Claw Pokémon'),(266,'Iron Leg Pokémon'),(267,'Rock Peak Pokémon'),(268,'Iceberg Pokémon'),(269,'Iron Pokémon'),(270,'Eon Pokémon'),(271,'Sea Basin Pokémon'),(272,'Continent Pokémon'),(273,'Sky High Pokémon'),(274,'Wish Pokémon'),(275,'DNA Pokémon'),(276,'Tiny Leaf Pokémon'),(277,'Grove Pokémon'),(278,'Chimp Pokémon'),(279,'Playful Pokémon'),(280,'Penguin Pokémon'),(281,'Emperor Pokémon'),(282,'Starling Pokémon'),(283,'Predator Pokémon'),(284,'Plump Mouse Pokémon'),(285,'Beaver Pokémon'),(286,'Cricket Pokémon'),(287,'Flash Pokémon'),(288,'Spark Pokémon'),(289,'Gleam Eyes Pokémon'),(290,'Bud Pokémon'),(291,'Bouquet Pokémon'),(292,'Head Butt Pokémon'),(293,'Shield Pokémon'),(294,'Moth Pokémon'),(295,'Tiny Bee Pokémon'),(296,'Beehive Pokémon'),(297,'EleSquirrel Pokémon'),(298,'Sea Weasel Pokémon'),(299,'Cherry Pokémon'),(300,'Blossom Pokémon'),(301,'Sea Slug Pokémon'),(302,'Blimp Pokémon'),(303,'Rabbit Pokémon'),(304,'Magical Pokémon'),(305,'Big Boss Pokémon'),(306,'Catty Pokémon'),(307,'Tiger Cat Pokémon'),(308,'Bell Pokémon'),(309,'Skunk Pokémon'),(310,'Bronze Pokémon'),(311,'Bronze Bell Pokémon'),(312,'Bonsai Pokémon'),(313,'Mime Pokémon'),(314,'Playhouse Pokémon'),(315,'Music Note Pokémon'),(316,'Forbidden Pokémon'),(317,'Land Shark Pokémon'),(318,'Cave Pokémon'),(319,'Mach Pokémon'),(320,'Big Eater Pokémon'),(321,'Emanation Pokémon'),(322,'Aura Pokémon'),(323,'Hippo Pokémon'),(324,'Heavyweight Pokémon'),(325,'Scorpion Pokémon'),(326,'Ogre Scorp Pokémon'),(327,'Toxic Mouth Pokémon'),(328,'Bug Catcher Pokémon'),(329,'Wing Fish Pokémon'),(330,'Neon Pokémon'),(331,'Frost Tree Pokémon'),(332,'Magnet Area Pokémon'),(333,'Thunderbolt Pokémon'),(334,'Blast Pokémon'),(335,'Jubilee Pokémon'),(336,'Ogre Darner Pokémon'),(337,'Verdant Pokémon'),(338,'Fresh Snow Pokémon'),(339,'Fang Scorp Pokémon'),(340,'Twin Tusk Pokémon'),(341,'Blade Pokémon'),(342,'Gripper Pokémon'),(343,'Snow Land Pokémon'),(344,'Plasma Pokémon'),(345,'Knowledge Pokémon'),(346,'Willpower Pokémon'),(347,'Temporal Pokémon'),(348,'Spatial Pokémon'),(349,'Lava Dome Pokémon'),(350,'Colossal Pokémon'),(351,'Renegade Pokémon'),(352,'Lunar Pokémon'),(353,'Sea Drifter Pokémon'),(354,'Seafaring Pokémon'),(355,'Pitch-Black Pokémon'),(356,'Gratitude Pokémon'),(357,'Alpha Pokémon'),(358,'Victory Pokémon'),(359,'Grass Snake Pokémon'),(360,'Regal Pokémon'),(361,'Fire Pig Pokémon'),(362,'Mega Fire Pig Pokémon'),(363,'Sea Otter Pokémon'),(364,'Discipline Pokémon'),(365,'Formidable Pokémon'),(366,'Lookout Pokémon'),(367,'Loyal Dog Pokémon'),(368,'Big-Hearted Pokémon'),(369,'Devious Pokémon'),(370,'Cruel Pokémon'),(371,'Grass Monkey Pokémon'),(372,'Thorn Monkey Pokémon'),(373,'High Temp Pokémon'),(374,'Ember Pokémon'),(375,'Spray Pokémon'),(376,'Geyser Pokémon'),(377,'Dream Eater Pokémon'),(378,'Drowsing Pokémon'),(379,'Tiny Pigeon Pokémon'),(380,'Wild Pigeon Pokémon'),(381,'Proud Pokémon'),(382,'Electrified Pokémon'),(383,'Mantle Pokémon'),(384,'Ore Pokémon'),(385,'Compressed Pokémon'),(386,'Courting Pokémon'),(387,'Subterrene Pokémon'),(388,'Hearing Pokémon'),(389,'Muscular Pokémon'),(390,'Judo Pokémon'),(391,'Karate Pokémon'),(392,'Sewing Pokémon'),(393,'Leaf-Wrapped Pokémon'),(394,'Nurturing Pokémon'),(395,'Centipede Pokémon'),(396,'Curlipede Pokémon'),(397,'Megapede Pokémon'),(398,'Cotton Puff Pokémon'),(399,'Windveiled Pokémon'),(400,'Bulb Pokémon'),(401,'Flowering Pokémon'),(402,'Hostile Pokémon'),(403,'Desert Croc Pokémon'),(404,'Intimidation Pokémon'),(405,'Zen Charm Pokémon'),(406,'Blazing Pokémon'),(407,'Rock Inn Pokémon'),(408,'Stone Home Pokémon'),(409,'Shedding Pokémon'),(410,'Hoodlum Pokémon'),(411,'Avianoid Pokémon'),(412,'Spirit Pokémon'),(413,'Coffin Pokémon'),(414,'Prototurtle Pokémon'),(415,'First Bird Pokémon'),(416,'Trash Bag Pokémon'),(417,'Trash Heap Pokémon'),(418,'Tricky Fox Pokémon'),(419,'Illusion Fox Pokémon'),(420,'Chinchilla Pokémon'),(421,'Scarf Pokémon'),(422,'Fixation Pokémon'),(423,'Astral Body Pokémon'),(424,'Cell Pokémon'),(425,'Mitosis Pokémon'),(426,'Multiplying Pokémon'),(427,'White Bird Pokémon'),(428,'Icy Snow Pokémon'),(429,'Snowstorm Pokémon'),(430,'Season Pokémon'),(431,'Sky Squirrel Pokémon'),(432,'Clamping Pokémon'),(433,'Cavalry Pokémon'),(434,'Floating Pokémon'),(435,'Caring Pokémon'),(436,'Attaching Pokémon'),(437,'EleSpider Pokémon'),(438,'Thorn Seed Pokémon'),(439,'Thorn Pod Pokémon'),(440,'Gear Pokémon'),(441,'EleFish Pokémon'),(442,'Cerebral Pokémon'),(443,'Candle Pokémon'),(444,'Lamp Pokémon'),(445,'Luring Pokémon'),(446,'Tusk Pokémon'),(447,'Axe Jaw Pokémon'),(448,'Chill Pokémon'),(449,'Freezing Pokémon'),(450,'Crystallizing Pokémon'),(451,'Snail Pokémon'),(452,'Shell Out Pokémon'),(453,'Trap Pokémon'),(454,'Martial Arts Pokémon'),(455,'Automaton Pokémon'),(456,'Sharp Blade Pokémon'),(457,'Sword Blade Pokémon'),(458,'Bash Buffalo Pokémon'),(459,'Eaglet Pokémon'),(460,'Valiant Pokémon'),(461,'Diapered Pokémon'),(462,'Bone Vulture Pokémon'),(463,'Anteater Pokémon'),(464,'Iron Ant Pokémon'),(465,'Irate Pokémon'),(466,'Torch Pokémon'),(467,'Iron Will Pokémon'),(468,'Cavern Pokémon'),(469,'Grassland Pokémon'),(470,'Cyclone Pokémon'),(471,'Bolt Strike Pokémon'),(472,'Vast White Pokémon'),(473,'Deep Black Pokémon'),(474,'Abundance Pokémon'),(475,'Boundary Pokémon'),(476,'Colt Pokémon'),(477,'Melody Pokémon'),(478,'Paleozoic Pokémon'),(479,'Spiny Nut Pokémon'),(480,'Spiny Armor Pokémon'),(481,'Bubble Frog Pokémon'),(482,'Digging Pokémon'),(483,'Tiny Robin Pokémon'),(484,'Scorching Pokémon'),(485,'Scatterdust Pokémon'),(486,'Scale Pokémon'),(487,'Lion Cub Pokémon'),(488,'Single Bloom Pokémon'),(489,'Garden Pokémon'),(490,'Mount Pokémon'),(491,'Daunting Pokémon'),(492,'Poodle Pokémon'),(493,'Restraint Pokémon'),(494,'Constraint Pokémon'),(495,'Sword Pokémon'),(496,'Royal Sword Pokémon'),(497,'Perfume Pokémon'),(498,'Fragrance Pokémon'),(499,'Cotton Candy Pokémon'),(500,'Meringue Pokémon'),(501,'Revolving Pokémon'),(502,'Overturning Pokémon'),(503,'Two-Handed Pokémon'),(504,'Collective Pokémon'),(505,'Mock Kelp Pokémon'),(506,'Water Gun Pokémon'),(507,'Howitzer Pokémon'),(508,'Generator Pokémon'),(509,'Royal Heir Pokémon'),(510,'Despot Pokémon'),(511,'Tundra Pokémon'),(512,'Intertwining Pokémon'),(513,'Wrestling Pokémon'),(514,'Antenna Pokémon'),(515,'Jewel Pokémon'),(516,'Soft Tissue Pokémon'),(517,'Key Ring Pokémon'),(518,'Stump Pokémon'),(519,'Elder Tree Pokémon'),(520,'Pumpkin Pokémon'),(521,'Ice Chunk Pokémon'),(522,'Sound Wave Pokémon'),(523,'Life Pokémon'),(524,'Destruction Pokémon'),(525,'Order Pokémon'),(526,'Mischief Pokémon'),(527,'Djinn Pokémon'),(528,'Steam Pokémon'),(529,'Grass Quill Pokémon'),(530,'Blade Quill Pokémon'),(531,'Arrow Quill Pokémon'),(532,'Fire Cat Pokémon'),(533,'Heel Pokémon'),(534,'Pop Star Pokémon'),(535,'Soloist Pokémon'),(536,'Woodpecker Pokémon'),(537,'Bugle Beak Pokémon'),(538,'Cannon Pokémon'),(539,'Loitering Pokémon'),(540,'Stakeout Pokémon'),(541,'Larva Pokémon'),(542,'Battery Pokémon'),(543,'Boxing Pokémon'),(544,'Woolly Crab Pokémon'),(545,'Bee Fly Pokémon'),(546,'Wolf Pokémon'),(547,'Small Fry Pokémon'),(548,'Brutal Star Pokémon'),(549,'Donkey Pokémon'),(550,'Draft Horse Pokémon'),(551,'Water Bubble Pokémon'),(552,'Sickle Grass Pokémon'),(553,'Bloom Sickle Pokémon'),(554,'Illuminating Pokémon'),(555,'Toxic Lizard Pokémon'),(556,'Flailing Pokémon'),(557,'Strong Arm Pokémon'),(558,'Posy Picker Pokémon'),(559,'Sage Pokémon'),(560,'Teamwork Pokémon'),(561,'Turn Tail Pokémon'),(562,'Hard Scale Pokémon'),(563,'Sand Heap Pokémon'),(564,'Sand Castle Pokémon'),(565,'Sea Cucumber Pokémon'),(566,'Synthetic Pokémon'),(567,'Meteor Pokémon'),(568,'Blast Turtle Pokémon'),(569,'Roly-Poly Pokémon'),(570,'Disguise Pokémon'),(571,'Gnash Teeth Pokémon'),(572,'Placid Pokémon'),(573,'Sea Creeper Pokémon'),(574,'Scaly Pokémon'),(575,'Land Spirit Pokémon'),(576,'Nebula Pokémon'),(577,'Protostar Pokémon'),(578,'Sunne Pokémon'),(579,'Moone Pokémon'),(580,'Parasite Pokémon'),(581,'Swollen Pokémon'),(582,'Lissome Pokémon'),(583,'Glowing Pokémon'),(584,'Launch Pokémon'),(585,'Drawn Sword Pokémon'),(586,'Junkivore Pokémon'),(587,'Prism Pokémon'),(588,'Artificial Pokémon'),(589,'Gloomdweller Pokémon'),(590,'Rampart Pokémon'),(591,'Fireworks Pokémon'),(592,'Thunderclap Pokémon'),(593,'Hex Nut Pokémon'),(594,'Beat Pokémon'),(595,'Drummer Pokémon'),(596,'Striker Pokémon'),(597,'Water Lizard Pokémon'),(598,'Water lizard Pokémon'),(599,'Secret Agent Pokémon'),(600,'Cheeky Pokémon'),(601,'Greedy Pokémon'),(602,'Raven Pokémon'),(603,'Radome Pokémon'),(604,'Seven Spot Pokémon'),(605,'Cotton Bloom Pokémon'),(606,'Sheep Pokémon'),(607,'Snapping Pokémon'),(608,'Dog Pokémon'),(609,'Apple Core Pokémon'),(610,'Apple Wing Pokémon'),(611,'Apple Nectar Pokémon'),(612,'Sand Snake Pokémon'),(613,'Gulp Pokémon'),(614,'Rush Pokémon'),(615,'Skewer Pokémon'),(616,'Baby Pokémon'),(617,'Punk Pokémon'),(618,'Radiator Pokémon'),(619,'Tantrum Pokémon'),(620,'Black Tea Pokémon'),(621,'Calm Pokémon'),(622,'Serene Pokémon'),(623,'Silent Pokémon'),(624,'Bulk Up Pokémon'),(625,'Blocking Pokémon'),(626,'Viking Pokémon'),(627,'Comedian Pokémon'),(628,'Grudge Pokémon'),(629,'Cream Pokémon'),(630,'Formation Pokémon'),(631,'Sea Urchin Pokémon'),(632,'Frost Moth Pokémon'),(633,'Big Rock Pokémon'),(634,'Two-Sided Pokémon'),(635,'Copperderm Pokémon'),(636,'Alloy Pokémon'),(637,'Lingering Pokémon'),(638,'Caretaker Pokémon'),(639,'Stealth Pokémon'),(640,'Warrior Pokémon'),(641,'Gigantic Pokémon');
/*!40000 ALTER TABLE `Species` ENABLE KEYS */;
UNLOCK TABLES;

--
-- Table structure for table `Stats`
--

DROP TABLE IF EXISTS `Stats`;
/*!40101 SET @saved_cs_client     = @@character_set_client */;
/*!50503 SET character_set_client = utf8mb4 */;
CREATE TABLE `Stats` (
  `stats_ID` int DEFAULT NULL,
  `total_points` float DEFAULT NULL,
  `hp` float DEFAULT NULL,
  `attack` float DEFAULT NULL,
  `defense` float DEFAULT NULL,
  `sp_attack` float DEFAULT NULL,
  `sp_defense` float DEFAULT NULL,
  `speed` float DEFAULT NULL
) ENGINE=InnoDB DEFAULT CHARSET=utf8mb4 COLLATE=utf8mb4_0900_ai_ci;
/*!40101 SET character_set_client = @saved_cs_client */;

--
-- Dumping data for table `Stats`
--

LOCK TABLES `Stats` WRITE;
/*!40000 ALTER TABLE `Stats` DISABLE KEYS */;
INSERT INTO `Stats` VALUES (1,318,45,49,49,65,65,45),(2,405,60,62,63,80,80,60),(3,525,80,82,83,100,100,80),(4,625,80,100,123,122,120,80),(5,309,39,52,43,60,50,65),(6,405,58,64,58,80,65,80),(7,534,78,84,78,109,85,100),(8,634,78,130,111,130,85,100),(9,634,78,104,78,159,115,100),(10,314,44,48,65,50,64,43),(11,405,59,63,80,65,80,58),(12,530,79,83,100,85,105,78),(13,630,79,103,120,135,115,78),(14,195,45,30,35,20,20,45),(15,205,50,20,55,25,25,30),(16,395,60,45,50,90,80,70),(17,195,40,35,30,20,20,50),(18,205,45,25,50,25,25,35),(19,395,65,90,40,45,80,75),(20,495,65,150,40,15,80,145),(21,251,40,45,40,35,35,56),(22,349,63,60,55,50,50,71),(23,479,83,80,75,70,70,101),(24,579,83,80,80,135,80,121),(25,253,30,56,35,25,35,72),(26,413,55,81,60,50,70,97),(27,413,75,71,70,40,80,77),(28,262,40,60,30,31,31,70),(29,442,65,90,65,61,61,100),(30,288,35,60,44,40,54,55),(31,448,60,95,69,65,79,80),(32,320,35,55,40,50,50,90),(33,430,45,80,50,75,60,120),(34,485,60,90,55,90,80,110),(35,485,60,85,50,95,85,110),(36,300,50,75,85,20,30,40),(37,300,50,75,90,10,35,40),(38,450,75,100,110,45,55,65),(39,450,75,100,120,25,65,65),(40,275,55,47,52,40,40,41),(41,365,70,62,67,55,55,56),(42,505,90,92,87,75,85,76),(43,273,46,57,40,40,40,50),(44,365,61,72,57,55,55,65),(45,505,81,102,77,85,75,85),(46,323,70,45,48,60,65,35),(47,483,95,70,73,95,90,60),(48,299,38,41,40,50,65,65),(49,505,73,76,75,81,100,100),(50,505,73,67,75,81,100,109),(51,270,115,45,20,45,25,20),(52,435,140,70,45,85,50,45),(53,245,40,45,35,30,40,55),(54,455,75,80,70,65,75,90),(55,320,45,50,55,75,65,30),(56,395,60,65,70,85,75,40),(57,490,75,80,85,110,90,50),(58,285,35,70,55,45,55,25),(59,405,60,95,80,60,80,30),(60,305,60,55,50,40,55,45),(61,450,70,65,60,90,75,90),(62,265,10,55,25,35,45,95),(63,265,10,55,30,35,45,90),(64,425,35,100,50,50,70,120),(65,425,35,100,60,50,70,110),(66,290,40,45,35,40,40,90),(67,290,40,35,35,50,40,90),(68,290,50,65,55,40,40,40),(69,440,65,70,60,65,65,115),(70,440,65,60,60,75,65,115),(71,320,50,52,48,65,50,55),(72,500,80,82,78,95,80,85),(73,305,40,80,35,35,45,70),(74,455,65,105,60,60,70,95),(75,350,55,70,45,70,50,60),(76,555,90,110,80,100,80,95),(77,300,40,50,40,40,40,90),(78,385,65,65,65,50,50,90),(79,510,90,95,95,70,90,70),(80,310,25,20,15,105,55,90),(81,400,40,35,30,120,70,105),(82,500,55,50,45,135,95,120),(83,600,55,50,65,175,105,150),(84,305,70,80,50,35,35,35),(85,405,80,100,70,50,60,45),(86,505,90,130,80,65,85,55),(87,300,50,75,35,70,30,40),(88,390,65,90,50,85,45,55),(89,490,80,105,65,100,70,70),(90,335,40,40,35,50,100,70),(91,515,80,70,65,80,120,100),(92,300,40,80,100,30,30,20),(93,390,55,95,115,45,45,35),(94,495,80,120,130,55,65,45),(95,410,50,85,55,65,65,90),(96,500,65,100,70,80,80,105),(97,315,90,65,65,40,40,15),(98,490,95,75,110,100,80,30),(99,590,95,75,180,130,80,30),(100,325,25,35,70,95,55,45),(101,465,50,60,95,120,70,70),(102,377,52,90,55,58,62,60),(103,377,52,95,55,58,62,55),(104,310,35,85,45,35,35,75),(105,470,60,110,70,60,60,110),(106,325,65,45,55,45,70,45),(107,475,90,70,80,70,95,70),(108,325,80,80,50,40,50,25),(109,500,105,105,75,65,100,50),(110,305,30,65,100,45,25,40),(111,525,50,95,180,85,45,70),(112,310,30,35,30,100,35,80),(113,405,45,50,45,115,55,95),(114,500,60,65,60,130,75,110),(115,600,60,65,80,170,95,130),(116,385,35,45,160,30,45,70),(117,328,60,48,45,43,90,42),(118,483,85,73,70,73,115,67),(119,325,30,105,90,25,25,50),(120,475,55,130,115,50,50,75),(121,330,40,30,50,55,55,100),(122,490,60,50,70,80,80,150),(123,325,60,40,80,60,45,40),(124,530,95,95,85,125,75,55),(125,530,95,105,85,125,75,45),(126,320,50,50,95,40,50,35),(127,425,60,80,110,50,80,45),(128,455,50,120,53,35,110,87),(129,455,50,105,79,35,110,76),(130,385,90,55,75,60,75,30),(131,340,40,65,95,60,45,35),(132,490,65,90,120,85,70,60),(133,345,80,85,95,30,30,25),(134,485,105,130,120,45,45,40),(135,450,250,5,5,35,105,50),(136,435,65,55,115,100,40,60),(137,490,105,95,80,40,80,90),(138,590,105,125,100,60,100,100),(139,295,30,40,70,70,25,60),(140,440,55,65,95,95,45,85),(141,320,45,67,60,35,50,63),(142,450,80,92,65,65,80,68),(143,340,30,45,55,70,55,85),(144,520,60,75,85,100,85,115),(145,460,40,45,65,100,120,90),(146,460,50,65,65,90,90,100),(147,500,70,110,80,55,80,105),(148,455,65,50,35,115,95,95),(149,490,65,83,57,95,85,105),(150,495,65,95,57,100,85,93),(151,500,65,125,100,55,70,85),(152,600,65,155,120,65,90,105),(153,490,75,100,95,40,70,110),(154,200,20,10,55,15,20,80),(155,540,95,125,79,60,100,81),(156,640,95,155,109,70,130,81),(157,535,130,85,80,85,95,60),(158,288,48,48,48,48,48,48),(159,325,55,55,50,45,65,55),(160,435,65,75,70,65,85,75),(161,525,130,65,60,110,95,65),(162,525,65,65,60,110,95,130),(163,525,65,130,60,95,110,65),(164,395,65,60,70,85,75,40),(165,355,35,40,100,90,55,35),(166,495,70,60,125,115,70,55),(167,355,30,80,90,55,45,55),(168,495,60,115,105,65,70,80),(169,515,80,105,65,60,75,130),(170,615,80,135,85,70,95,150),(171,540,160,110,65,65,110,30),(172,580,90,85,100,95,125,85),(173,580,90,90,85,125,90,100),(174,580,90,100,90,125,85,90),(175,300,41,64,45,50,50,50),(176,420,61,84,65,70,70,70),(177,600,91,134,95,100,100,80),(178,680,106,110,90,154,90,130),(179,780,106,190,100,154,100,130),(180,780,106,150,70,194,120,140),(181,600,100,100,100,100,100,100),(182,318,45,49,65,49,65,45),(183,405,60,62,80,63,80,60),(184,525,80,82,100,83,100,80),(185,314,50,65,64,44,48,43),(186,405,65,80,80,59,63,58),(187,530,85,105,100,79,83,78),(188,215,35,46,34,35,45,20),(189,415,85,76,64,45,55,90),(190,262,60,30,30,36,56,50),(191,452,100,50,50,86,96,70),(192,265,40,20,30,40,80,55),(193,390,55,35,50,55,110,85),(194,250,40,60,40,40,40,30),(195,400,70,90,70,60,70,40),(196,535,85,90,80,70,80,130),(197,330,75,38,38,56,56,67),(198,460,125,58,58,76,76,67),(199,205,20,40,15,35,35,60),(200,218,50,25,28,45,55,15),(201,210,90,30,15,40,20,15),(202,245,35,20,65,40,65,20),(203,405,55,40,85,80,105,40),(204,320,40,50,45,70,45,70),(205,470,65,75,70,95,70,95),(206,280,55,40,40,65,45,35),(207,365,70,55,55,80,60,45),(208,510,90,75,85,115,90,55),(209,610,90,95,105,165,110,45),(210,490,75,80,95,90,100,50),(211,250,70,20,50,20,50,40),(212,420,100,50,80,60,80,50),(213,410,70,100,115,30,65,30),(214,500,90,75,75,90,100,70),(215,250,35,35,40,35,55,50),(216,340,55,45,50,45,65,80),(217,460,75,55,70,55,95,110),(218,360,55,70,55,40,55,85),(219,180,30,30,30,30,30,30),(220,425,75,75,55,105,85,30),(221,390,65,65,45,75,45,95),(222,210,55,45,45,25,25,15),(223,430,95,85,85,65,65,35),(224,525,65,65,60,130,95,110),(225,525,95,65,110,60,130,65),(226,405,60,85,42,85,42,91),(227,490,95,75,80,100,110,30),(228,435,60,60,60,85,85,85),(229,336,48,72,48,72,48,48),(230,405,190,33,58,33,58,33),(231,455,70,80,65,90,65,85),(232,290,50,65,90,35,35,15),(233,465,75,90,140,60,60,40),(234,415,100,70,70,65,65,45),(235,430,65,75,105,35,65,85),(236,510,75,85,200,55,65,30),(237,610,75,125,230,55,95,30),(238,300,60,80,50,40,40,30),(239,450,90,120,75,60,60,45),(240,440,65,95,85,55,55,85),(241,500,70,130,100,55,80,65),(242,600,70,150,140,65,100,75),(243,505,20,10,230,10,230,5),(244,500,80,125,75,40,95,85),(245,600,80,185,115,40,105,75),(246,430,55,95,55,35,75,115),(247,330,60,80,50,50,50,40),(248,500,90,130,75,75,75,55),(249,250,40,40,40,70,40,20),(250,430,60,50,120,90,80,30),(251,250,50,50,40,30,30,50),(252,450,100,100,80,60,60,50),(253,410,65,55,95,65,95,35),(254,410,60,55,100,65,100,30),(255,300,35,65,35,65,35,65),(256,480,75,105,75,105,75,45),(257,330,45,55,45,65,45,75),(258,485,85,40,70,80,140,70),(259,465,65,80,140,40,70,70),(260,330,45,60,30,80,50,65),(261,500,75,90,50,110,80,95),(262,600,75,90,90,140,90,115),(263,540,75,95,95,95,95,85),(264,330,90,60,60,40,40,40),(265,500,90,120,120,60,60,50),(266,515,85,80,90,105,95,60),(267,465,73,95,62,85,65,85),(268,250,55,20,35,20,45,75),(269,210,35,35,35,35,35,35),(270,455,50,95,95,35,110,70),(271,305,45,30,15,85,65,65),(272,360,45,63,37,65,55,95),(273,365,45,75,37,70,55,83),(274,490,95,80,105,40,70,100),(275,540,255,10,10,75,135,55),(276,580,90,85,75,115,100,115),(277,580,115,115,85,90,75,100),(278,580,100,75,115,90,115,85),(279,300,50,64,50,45,50,41),(280,410,70,84,70,65,70,51),(281,600,100,134,110,95,100,61),(282,700,100,164,150,95,120,71),(283,680,106,90,130,90,154,110),(284,680,106,130,90,110,154,90),(285,310,40,45,35,65,55,70),(286,405,50,65,45,85,65,95),(287,530,70,85,65,105,85,120),(288,630,70,110,75,145,85,145),(289,310,45,60,40,70,50,45),(290,405,60,85,60,85,60,55),(291,530,80,120,70,110,70,80),(292,630,80,160,80,130,80,100),(293,310,50,70,50,50,50,40),(294,405,70,85,70,60,70,50),(295,535,100,110,90,85,90,60),(296,635,100,150,110,95,110,70),(297,220,35,55,35,30,30,35),(298,420,70,90,70,60,60,70),(299,240,38,30,41,30,41,60),(300,420,78,70,61,50,61,100),(301,195,45,45,35,20,30,20),(302,205,50,35,55,25,25,15),(303,395,60,70,50,100,50,65),(304,385,60,50,70,50,90,65),(305,220,40,30,30,40,50,30),(306,340,60,50,50,60,70,50),(307,480,80,70,70,90,100,70),(308,220,40,40,50,30,30,30),(309,340,70,70,40,60,40,60),(310,480,90,100,60,90,60,80),(311,270,40,55,30,30,30,85),(312,455,60,85,60,75,50,125),(313,270,40,30,30,55,30,85),(314,440,60,50,100,95,70,65),(315,198,28,25,25,45,35,40),(316,278,38,35,35,65,55,50),(317,518,68,65,65,125,115,80),(318,618,68,85,65,165,135,100),(319,269,40,30,32,50,52,65),(320,454,70,60,62,100,82,80),(321,295,60,40,60,40,60,35),(322,460,60,130,80,60,60,70),(323,280,60,60,60,35,35,30),(324,440,80,80,80,55,55,90),(325,670,150,160,100,95,65,100),(326,266,31,45,90,30,30,40),(327,456,61,90,45,50,50,160),(328,236,1,90,45,30,30,40),(329,240,64,51,23,51,23,28),(330,360,84,71,43,71,43,48),(331,490,104,91,63,91,73,68),(332,237,72,60,30,20,30,25),(333,474,144,120,60,40,60,50),(334,190,50,20,40,20,40,20),(335,375,30,45,135,45,90,30),(336,260,50,45,45,35,35,50),(337,400,70,65,65,55,55,90),(338,380,50,75,75,65,65,50),(339,480,50,85,125,85,115,20),(340,380,50,85,85,55,55,50),(341,480,50,105,125,55,95,50),(342,330,50,70,100,40,40,30),(343,430,60,90,140,50,50,40),(344,530,70,110,180,60,60,50),(345,630,70,140,230,60,80,50),(346,280,30,40,55,40,55,60),(347,410,60,60,75,60,75,80),(348,510,60,100,85,80,85,100),(349,295,40,45,40,65,40,65),(350,475,70,75,60,105,60,105),(351,575,70,75,80,135,80,135),(352,405,60,50,40,85,75,95),(353,405,60,40,50,75,85,95),(354,430,65,73,75,47,85,85),(355,430,65,47,75,73,85,85),(356,400,50,60,45,100,80,65),(357,302,70,43,53,43,53,40),(358,467,100,73,83,73,83,55),(359,305,45,90,20,65,20,65),(360,460,70,120,40,95,40,95),(361,560,70,140,70,110,65,105),(362,400,130,70,35,70,35,60),(363,500,170,90,45,90,45,60),(364,305,60,60,40,65,45,35),(365,460,70,100,70,105,75,40),(366,560,70,120,100,145,105,20),(367,470,70,85,140,85,70,20),(368,330,60,25,35,70,80,60),(369,470,80,45,65,90,110,80),(370,360,60,60,60,60,60,60),(371,290,45,100,45,45,45,10),(372,340,50,70,50,50,50,70),(373,520,80,100,80,80,80,100),(374,335,50,85,40,85,40,35),(375,475,70,115,60,115,60,55),(376,310,45,40,60,40,75,50),(377,490,75,70,90,70,105,80),(378,590,75,110,110,110,105,80),(379,458,73,115,60,60,60,90),(380,458,73,100,60,100,60,65),(381,460,90,55,65,95,85,70),(382,460,90,95,85,55,65,70),(383,288,50,48,43,46,41,60),(384,468,110,78,73,76,71,60),(385,308,43,80,65,50,35,35),(386,468,63,120,85,90,55,55),(387,300,40,40,55,40,70,55),(388,500,60,70,105,70,120,75),(389,355,66,41,77,61,87,23),(390,495,86,81,97,81,107,43),(391,355,45,95,50,40,50,75),(392,495,75,125,100,70,80,45),(393,200,20,15,20,10,55,80),(394,540,95,60,79,100,125,81),(395,420,70,70,70,70,70,70),(396,440,60,90,70,60,120,40),(397,295,44,75,35,63,33,45),(398,455,64,115,65,83,63,65),(399,555,64,165,75,93,83,75),(400,295,20,40,90,30,90,25),(401,455,40,70,130,60,130,25),(402,460,99,68,83,72,87,51),(403,455,75,50,80,95,90,65),(404,465,65,130,60,75,60,75),(405,565,65,150,60,115,60,115),(406,260,95,23,48,23,48,23),(407,300,50,50,50,50,50,50),(408,480,80,80,80,80,80,80),(409,580,80,120,80,120,80,100),(410,290,70,40,50,55,50,25),(411,410,90,60,70,75,70,45),(412,530,110,80,90,95,90,65),(413,345,35,64,85,74,55,32),(414,485,55,104,105,94,75,52),(415,485,55,84,105,114,75,52),(416,485,100,90,130,45,65,55),(417,330,43,30,55,40,65,97),(418,300,45,75,60,40,30,50),(419,420,65,95,100,60,50,50),(420,600,95,135,80,110,80,100),(421,700,95,145,130,120,90,120),(422,300,40,55,80,35,60,30),(423,420,60,75,100,55,80,50),(424,600,80,135,130,95,90,70),(425,700,80,145,150,105,110,110),(426,580,80,100,200,50,100,50),(427,580,80,50,100,100,200,50),(428,580,80,75,150,75,150,50),(429,600,80,80,90,110,130,110),(430,700,80,100,120,140,150,110),(431,600,80,90,80,130,110,110),(432,700,80,130,100,160,120,110),(433,670,100,100,90,150,140,90),(434,770,100,150,90,180,160,90),(435,670,100,150,140,100,90,90),(436,770,100,180,160,150,90,90),(437,680,105,150,90,150,90,95),(438,780,105,180,100,180,100,115),(439,600,50,150,50,150,50,150),(440,600,50,180,20,180,20,150),(441,600,50,70,160,70,160,90),(442,600,50,95,90,95,90,180),(443,318,55,68,64,45,55,31),(444,405,75,89,85,55,65,36),(445,525,95,109,105,75,85,56),(446,309,44,58,44,58,44,61),(447,405,64,78,52,78,52,81),(448,534,76,104,71,104,71,108),(449,314,53,51,53,61,56,40),(450,405,64,66,68,81,76,50),(451,530,84,86,88,111,101,60),(452,245,40,55,30,30,30,60),(453,340,55,75,50,40,40,80),(454,485,85,120,70,50,60,100),(455,250,59,45,40,35,40,31),(456,410,79,85,60,55,60,71),(457,194,37,25,41,25,41,25),(458,384,77,85,51,55,51,65),(459,263,45,65,34,40,34,45),(460,363,60,85,49,60,49,60),(461,523,80,120,79,95,79,70),(462,280,40,30,35,50,70,55),(463,515,60,70,65,125,105,90),(464,350,67,125,40,30,30,58),(465,495,97,165,60,65,50,58),(466,350,30,42,118,42,88,30),(467,495,60,52,168,47,138,30),(468,224,40,29,45,29,45,36),(469,424,60,59,85,79,105,36),(470,424,60,79,105,59,85,36),(471,424,60,69,95,69,95,36),(472,424,70,94,50,94,50,66),(473,244,30,30,42,30,42,70),(474,474,70,80,102,80,102,40),(475,405,60,45,70,45,90,95),(476,330,55,65,35,60,30,85),(477,495,85,105,55,85,50,115),(478,275,45,35,45,62,53,35),(479,450,70,60,70,87,78,85),(480,325,76,48,48,57,62,34),(481,475,111,83,68,92,82,39),(482,482,75,100,66,60,66,115),(483,348,90,50,34,60,44,70),(484,498,150,80,44,90,54,80),(485,350,55,66,44,44,56,85),(486,480,65,76,84,54,96,105),(487,580,65,136,94,54,96,135),(488,495,60,60,60,105,105,105),(489,505,100,125,52,105,52,71),(490,310,49,55,42,42,37,85),(491,452,71,82,64,64,59,112),(492,285,45,30,50,65,50,45),(493,329,63,63,47,41,41,74),(494,479,103,93,67,71,61,84),(495,300,57,24,86,24,86,23),(496,500,67,89,116,79,116,33),(497,290,50,80,95,10,45,10),(498,310,20,25,45,70,90,60),(499,220,100,5,5,15,65,30),(500,411,76,65,45,92,42,91),(501,485,50,92,108,92,108,35),(502,300,58,70,45,40,45,42),(503,410,68,90,65,50,55,82),(504,600,108,130,95,80,85,102),(505,700,108,170,115,120,95,92),(506,390,135,85,40,40,85,5),(507,285,40,70,40,35,40,60),(508,525,70,110,70,115,70,90),(509,625,70,145,88,140,70,112),(510,330,68,72,78,38,42,32),(511,525,108,112,118,68,72,47),(512,330,40,50,90,30,55,65),(513,500,70,90,110,60,75,95),(514,300,48,61,40,61,40,50),(515,490,83,106,65,86,65,85),(516,454,74,100,72,90,72,46),(517,330,49,49,56,49,61,66),(518,460,69,69,76,69,86,91),(519,345,45,20,50,60,120,50),(520,334,60,62,50,62,60,40),(521,494,90,92,75,92,85,60),(522,594,90,132,105,132,105,30),(523,510,70,120,65,45,85,125),(524,535,70,70,115,130,90,60),(525,515,110,85,95,80,95,50),(526,535,115,140,130,55,55,40),(527,535,100,100,125,110,50,50),(528,540,75,123,67,95,85,95),(529,540,75,95,67,125,95,83),(530,545,85,50,95,120,115,80),(531,515,86,76,86,116,56,95),(532,525,65,110,130,60,65,95),(533,525,65,60,110,130,95,65),(534,510,75,95,125,45,75,95),(535,530,110,130,80,70,60,80),(536,535,85,80,70,135,75,90),(537,518,68,125,65,65,115,80),(538,618,68,165,95,65,115,110),(539,525,60,55,145,75,150,40),(540,525,45,100,135,65,135,45),(541,480,70,80,70,80,70,110),(542,440,50,50,77,95,77,91),(543,520,50,65,107,105,107,86),(544,580,75,75,130,75,130,95),(545,580,80,105,105,105,105,80),(546,580,75,125,70,125,70,115),(547,680,100,120,120,150,100,90),(548,680,90,120,100,150,120,100),(549,600,91,90,106,130,106,77),(550,670,110,160,110,80,110,100),(551,680,150,100,120,100,120,90),(552,680,150,120,100,120,100,90),(553,600,120,70,120,75,130,85),(554,600,70,90,90,135,90,125),(555,600,100,103,75,120,75,127),(556,720,120,120,120,120,120,120),(557,308,45,45,55,45,55,63),(558,413,60,60,75,60,75,83),(559,528,75,75,95,75,95,113),(560,308,65,63,45,45,45,45),(561,418,90,93,55,70,55,55),(562,528,110,123,65,100,65,65),(563,308,55,55,45,63,45,45),(564,413,75,75,60,83,60,60),(565,528,95,100,85,108,70,70),(566,255,45,55,39,35,39,42),(567,420,60,85,69,60,69,77),(568,275,45,60,45,25,45,55),(569,370,65,80,65,35,65,60),(570,500,85,110,90,45,90,80),(571,281,41,50,37,50,37,66),(572,446,64,88,50,88,50,106),(573,316,50,53,48,53,48,64),(574,498,75,98,63,98,63,101),(575,292,76,25,45,67,55,24),(576,487,116,55,85,107,95,29),(577,264,50,55,50,36,30,43),(578,358,62,77,62,50,42,65),(579,488,80,115,80,65,55,93),(580,295,45,60,32,50,32,76),(581,497,75,100,63,80,63,116),(582,280,55,75,85,25,25,15),(583,390,70,105,105,50,40,20),(584,515,85,135,130,60,80,25),(585,323,65,45,43,55,43,72),(586,425,67,57,55,77,55,114),(587,328,60,85,40,30,45,68),(588,508,110,135,60,50,65,88),(589,445,103,60,86,60,86,50),(590,545,103,60,126,80,126,50),(591,305,75,80,55,25,35,35),(592,405,85,105,85,40,50,40),(593,505,105,140,95,55,65,45),(594,294,50,50,40,50,40,64),(595,384,75,65,55,65,55,69),(596,509,105,95,75,85,75,74),(597,465,120,100,85,30,85,45),(598,465,75,125,75,30,75,85),(599,310,45,53,70,40,60,42),(600,380,55,63,90,50,80,42),(601,500,75,103,80,70,80,92),(602,260,30,45,59,30,39,57),(603,360,40,55,99,40,79,47),(604,485,60,100,89,55,69,112),(605,280,40,27,60,37,50,66),(606,480,60,67,85,77,75,116),(607,280,45,35,50,70,50,30),(608,480,70,60,75,110,75,90),(609,460,70,92,65,80,55,98),(610,292,50,72,35,35,35,65),(611,351,60,82,45,45,45,74),(612,519,95,117,80,65,70,92),(613,315,70,90,45,15,45,50),(614,480,105,140,55,30,55,95),(615,540,105,30,105,140,105,55),(616,540,105,160,55,30,55,135),(617,461,75,86,67,106,67,60),(618,325,50,65,85,35,35,55),(619,485,70,105,125,65,75,45),(620,348,50,75,70,35,70,48),(621,488,65,90,115,45,115,58),(622,490,72,58,80,103,80,97),(623,303,38,30,85,55,65,30),(624,303,38,55,85,30,65,30),(625,483,58,50,145,95,105,30),(626,355,54,78,103,53,45,22),(627,495,74,108,133,83,65,32),(628,401,55,112,45,74,45,70),(629,567,75,140,65,112,65,110),(630,329,50,50,62,40,62,65),(631,474,80,95,82,60,82,75),(632,330,40,65,40,80,40,65),(633,510,60,105,60,120,60,105),(634,300,55,50,40,40,40,75),(635,470,75,95,60,65,60,115),(636,290,45,30,50,55,65,45),(637,390,60,45,70,75,85,55),(638,490,70,55,95,95,110,65),(639,290,45,30,40,105,50,20),(640,370,65,40,50,125,60,30),(641,490,110,65,75,125,85,30),(642,305,62,44,50,44,50,55),(643,473,75,87,63,87,63,98),(644,305,36,50,50,65,60,44),(645,395,51,65,65,80,75,59),(646,535,71,95,85,110,95,79),(647,335,60,60,50,40,50,75),(648,475,80,100,70,60,70,95),(649,428,55,75,60,75,60,103),(650,315,50,75,45,40,45,60),(651,495,70,135,105,60,105,20),(652,294,69,55,45,55,55,15),(653,464,114,85,70,85,80,30),(654,335,55,40,50,65,85,40),(655,480,100,60,70,85,105,60),(656,470,165,75,80,40,45,65),(657,319,50,47,50,57,50,65),(658,472,70,77,60,97,60,108),(659,305,44,50,91,24,86,10),(660,489,74,94,131,54,116,20),(661,300,40,55,70,45,60,30),(662,440,60,80,95,70,85,50),(663,520,60,100,115,70,85,90),(664,275,35,55,40,45,40,60),(665,405,65,85,70,75,70,40),(666,515,85,115,80,105,80,50),(667,335,55,55,55,85,55,30),(668,485,75,75,75,125,95,40),(669,275,50,30,55,65,55,20),(670,370,60,40,60,95,60,55),(671,520,60,55,90,145,90,80),(672,320,46,87,60,30,40,57),(673,410,66,117,70,40,50,67),(674,540,76,147,90,60,70,97),(675,305,55,70,40,60,40,40),(676,505,95,130,80,70,80,50),(677,515,80,50,50,95,135,105),(678,305,50,40,85,40,65,25),(679,495,80,70,40,100,60,145),(680,471,109,66,84,81,99,32),(681,471,109,81,99,66,84,32),(682,350,45,85,50,55,50,65),(683,510,65,125,60,95,60,105),(684,485,77,120,90,60,90,48),(685,303,59,74,50,35,50,35),(686,483,89,124,80,55,80,55),(687,340,45,85,70,40,40,60),(688,490,65,125,100,60,70,70),(689,490,95,110,95,40,95,55),(690,350,70,83,50,37,50,60),(691,510,100,123,75,57,75,80),(692,370,70,55,75,45,65,60),(693,510,110,65,105,55,95,80),(694,484,85,97,66,105,66,65),(695,484,58,109,112,48,48,109),(696,300,52,65,50,45,50,38),(697,420,72,85,70,65,70,58),(698,600,92,105,90,125,90,98),(699,360,55,85,55,50,55,60),(700,550,85,60,65,135,105,100),(701,580,91,90,129,90,72,108),(702,580,91,129,90,72,90,108),(703,580,91,90,72,90,129,108),(704,580,79,115,70,125,80,111),(705,580,79,100,80,110,90,121),(706,580,79,105,70,145,80,101),(707,680,100,120,100,150,120,90),(708,680,100,150,120,120,100,90),(709,600,89,125,90,115,80,101),(710,600,89,145,90,105,80,91),(711,660,125,130,90,130,90,95),(712,700,125,170,100,120,90,95),(713,700,125,120,90,170,100,95),(714,580,91,72,90,129,90,108),(715,600,100,77,77,128,128,90),(716,600,100,128,90,77,77,128),(717,600,71,120,95,120,95,99),(718,313,56,61,65,48,45,38),(719,405,61,78,95,56,58,57),(720,530,88,107,122,74,75,64),(721,307,40,45,40,62,60,60),(722,409,59,59,58,90,70,73),(723,534,75,69,72,114,100,104),(724,314,41,56,40,62,44,71),(725,405,54,63,52,83,56,97),(726,530,72,95,67,103,71,122),(727,640,72,145,67,153,71,132),(728,237,38,36,38,32,36,57),(729,423,85,56,77,50,77,78),(730,278,45,50,43,40,38,62),(731,382,62,73,55,56,52,84),(732,499,78,81,71,74,69,126),(733,200,38,35,40,27,25,35),(734,213,45,22,60,27,30,29),(735,411,80,52,50,90,50,89),(736,369,62,50,58,73,54,72),(737,507,86,68,72,109,66,106),(738,303,44,38,39,61,79,42),(739,371,54,45,47,75,98,52),(740,552,78,65,68,112,154,75),(741,350,66,65,48,62,57,52),(742,531,123,100,62,97,81,68),(743,348,67,82,62,46,48,43),(744,495,95,124,78,69,71,58),(745,472,75,80,60,65,90,102),(746,355,62,48,54,63,60,68),(747,466,74,48,76,83,81,104),(748,325,45,80,100,35,37,28),(749,448,59,110,150,45,49,35),(750,520,60,150,50,150,50,60),(751,520,60,50,150,50,150,60),(752,341,78,52,60,63,65,23),(753,462,101,72,72,99,89,29),(754,341,62,48,66,59,57,49),(755,480,82,80,86,85,75,72),(756,288,53,54,53,37,46,45),(757,482,86,92,88,68,75,73),(758,306,42,52,67,39,56,50),(759,500,72,105,115,54,86,68),(760,320,50,60,60,60,60,30),(761,494,65,75,90,97,123,44),(762,330,50,53,62,58,63,44),(763,500,71,73,88,120,89,59),(764,289,44,38,33,61,43,70),(765,481,62,55,52,109,94,109),(766,362,58,89,77,45,45,48),(767,521,82,121,119,69,59,71),(768,362,77,59,50,67,63,46),(769,521,123,77,72,99,92,58),(770,525,95,65,65,110,130,60),(771,500,78,92,75,74,63,118),(772,431,67,58,57,81,67,101),(773,500,50,50,150,50,150,50),(774,300,45,50,35,55,75,40),(775,452,68,75,53,83,113,60),(776,600,90,100,70,110,150,80),(777,470,57,80,91,80,87,75),(778,309,43,70,48,50,60,38),(779,474,85,110,76,65,82,56),(780,335,49,66,70,44,55,51),(781,335,44,66,70,44,55,56),(782,335,54,66,70,44,55,46),(783,335,59,66,70,44,55,41),(784,494,65,90,122,58,75,84),(785,494,55,85,122,58,75,99),(786,494,75,95,122,58,75,69),(787,494,85,100,122,58,75,54),(788,304,55,69,85,32,35,28),(789,514,95,117,184,44,46,28),(790,245,40,30,35,45,40,55),(791,535,85,70,80,97,80,123),(792,680,126,131,95,131,98,99),(793,600,108,100,121,81,95,95),(794,486,54,100,71,61,85,115),(795,708,216,100,121,91,95,85),(796,600,50,100,150,100,150,50),(797,700,50,160,110,160,110,110),(798,600,80,110,60,150,130,70),(799,680,80,160,60,170,130,80),(800,600,80,110,120,130,90,70),(801,320,68,55,55,50,50,42),(802,420,78,75,75,70,70,52),(803,530,78,107,75,100,100,70),(804,320,45,65,40,60,40,70),(805,420,65,85,50,80,50,90),(806,530,95,115,90,80,90,60),(807,320,50,54,54,66,56,40),(808,420,60,69,69,91,81,50),(809,530,80,74,74,126,116,60),(810,265,35,75,30,30,30,65),(811,355,55,85,50,40,50,75),(812,485,80,120,75,75,75,60),(813,253,48,70,30,30,30,45),(814,418,88,110,60,55,60,45),(815,300,47,62,45,55,45,46),(816,400,57,82,95,55,75,36),(817,500,77,70,90,145,75,43),(818,338,47,82,57,42,47,63),(819,478,97,132,77,62,67,43),(820,476,75,70,70,98,70,93),(821,304,40,45,40,55,40,84),(822,464,60,55,60,95,70,124),(823,280,45,65,40,30,40,60),(824,487,75,115,65,55,65,112),(825,487,85,115,75,55,75,82),(826,487,75,117,65,55,65,110),(827,175,45,20,20,25,25,40),(828,620,45,140,130,140,135,30),(829,305,50,53,62,43,52,45),(830,495,50,63,152,53,142,35),(831,385,70,100,70,45,55,45),(832,500,100,125,100,55,85,35),(833,269,38,40,52,40,72,27),(834,454,68,70,92,50,132,42),(835,250,40,55,35,50,35,35),(836,480,70,105,90,80,90,45),(837,285,40,35,55,65,75,15),(838,405,60,45,80,90,100,30),(839,320,48,44,40,71,40,77),(840,480,68,64,60,111,60,117),(841,340,70,75,50,45,50,50),(842,500,120,125,80,55,60,60),(843,210,42,30,38,30,38,32),(844,290,52,40,48,40,48,62),(845,510,72,120,98,50,98,72),(846,485,51,52,90,82,110,100),(847,490,90,60,80,90,110,60),(848,490,100,120,90,40,60,80),(849,230,25,35,40,20,30,80),(850,530,75,125,140,60,90,40),(851,320,55,55,80,70,45,15),(852,480,85,75,110,100,75,35),(853,410,55,60,130,30,130,5),(854,534,95,95,95,95,95,59),(855,570,95,95,95,95,95,95),(856,440,60,60,100,60,100,60),(857,500,60,100,60,100,60,120),(858,480,65,115,65,75,95,65),(859,485,60,78,135,91,85,36),(860,435,65,98,63,40,73,96),(861,476,55,90,80,50,105,96),(862,475,68,105,70,70,70,92),(863,485,78,60,85,135,91,36),(864,517,70,131,100,86,90,40),(865,300,45,55,65,45,45,45),(866,420,55,75,90,65,70,65),(867,600,75,110,125,100,105,85),(868,570,70,115,85,95,75,130),(869,570,70,85,75,130,115,95),(870,570,70,130,115,85,95,75),(871,570,70,75,115,95,130,85),(872,200,43,29,31,29,31,37),(873,400,43,29,131,29,131,37),(874,680,137,137,107,113,89,97),(875,680,137,113,89,137,107,97),(876,570,109,53,47,127,131,103),(877,570,107,139,139,53,53,79),(878,570,71,137,37,137,37,151),(879,570,83,89,71,173,71,83),(880,570,97,101,103,107,101,61),(881,570,59,181,131,59,31,109),(882,570,223,101,53,97,53,43),(883,600,97,107,101,127,89,79),(884,680,97,157,127,113,109,77),(885,680,97,113,109,157,127,77),(886,754,97,167,97,167,97,129),(887,600,80,95,115,130,115,65),(888,600,90,125,80,90,90,125),(889,420,67,73,67,73,67,73),(890,540,73,73,73,127,73,121),(891,570,61,131,211,53,101,13),(892,570,53,127,53,151,79,107),(893,600,88,112,75,102,80,143),(894,300,46,65,65,55,35,34),(895,600,135,143,143,80,65,34),(896,310,50,65,50,40,40,65),(897,420,70,85,70,55,60,80),(898,530,100,125,90,60,70,85),(899,310,50,71,40,40,40,69),(900,420,65,86,60,55,60,94),(901,530,80,116,75,65,75,119),(902,310,50,40,40,70,40,70),(903,420,65,60,55,95,55,90),(904,530,70,85,65,125,65,120),(905,275,70,55,55,35,35,25),(906,460,120,95,95,55,75,20),(907,245,38,47,35,33,35,57),(908,365,68,67,55,43,55,77),(909,495,98,87,105,53,85,67),(910,180,25,20,20,25,45,45),(911,335,50,35,80,50,90,30),(912,505,60,45,110,80,120,90),(913,245,40,28,28,47,52,50),(914,455,70,58,58,87,92,90),(915,250,40,40,60,40,60,10),(916,460,60,50,90,80,120,60),(917,270,42,40,55,40,45,48),(918,490,72,80,100,60,90,88),(919,284,50,64,50,38,38,44),(920,485,90,115,90,48,68,74),(921,270,59,45,50,40,50,26),(922,490,69,90,60,90,60,121),(923,240,30,40,50,40,50,30),(924,410,80,60,90,60,70,50),(925,510,110,80,120,80,90,30),(926,260,40,40,80,40,40,20),(927,485,70,110,80,95,60,70),(928,485,110,85,80,100,80,30),(929,315,52,57,75,35,50,46),(930,510,72,107,125,65,70,71),(931,475,70,85,55,85,95,85),(932,280,41,63,40,40,30,66),(933,490,61,123,60,60,50,136),(934,242,40,38,35,54,35,40),(935,502,75,98,70,114,70,75),(936,305,50,65,45,50,50,45),(937,525,100,115,65,90,90,65),(938,310,50,68,60,50,50,32),(939,480,80,118,90,70,80,42),(940,308,40,45,45,74,54,50),(941,508,60,65,65,134,114,70),(942,265,42,30,45,56,53,39),(943,370,57,40,65,86,73,49),(944,510,57,90,95,136,103,29),(945,265,45,45,30,55,40,50),(946,370,65,60,45,75,55,70),(947,510,95,120,65,95,75,60),(948,520,93,90,101,60,81,95),(949,440,70,110,100,50,60,50),(950,510,60,95,50,145,130,30),(951,507,62,135,95,68,82,65),(952,520,80,85,75,110,100,70),(953,483,58,95,145,50,105,30),(954,270,45,40,40,50,61,34),(955,495,65,60,75,110,121,64),(956,470,65,100,100,70,60,75),(957,435,48,101,95,91,85,15),(958,185,30,25,35,45,30,20),(959,475,70,65,60,125,90,65),(960,470,100,125,135,20,20,70),(961,470,75,80,110,65,90,50),(962,470,75,80,70,65,50,130),(963,475,60,65,55,105,95,95),(964,475,70,55,65,95,105,85),(965,436,58,95,58,70,58,97),(966,330,72,80,49,40,49,40),(967,500,122,130,69,80,69,30),(968,505,90,100,90,80,70,75),(969,505,90,100,90,90,80,55),(970,505,90,90,100,70,80,75),(971,505,90,90,100,80,90,55),(972,535,70,95,115,120,50,85),(973,270,28,60,30,40,30,82),(974,410,68,80,50,60,50,102),(975,600,88,120,75,100,75,142),(976,720,92,170,115,80,115,148),(977,670,92,130,115,80,115,138),(978,720,92,130,145,80,145,128),(979,690,140,85,95,145,95,130),(980,1125,255,115,250,125,250,130);
/*!40000 ALTER TABLE `Stats` ENABLE KEYS */;
UNLOCK TABLES;

--
-- Table structure for table `Typing`
--

DROP TABLE IF EXISTS `Typing`;
/*!40101 SET @saved_cs_client     = @@character_set_client */;
/*!50503 SET character_set_client = utf8mb4 */;
CREATE TABLE `Typing` (
  `typing_ID` int DEFAULT NULL,
  `type_primary` char(10) DEFAULT NULL,
  `type_secondary` char(10) DEFAULT NULL
) ENGINE=InnoDB DEFAULT CHARSET=utf8mb4 COLLATE=utf8mb4_0900_ai_ci;
/*!40101 SET character_set_client = @saved_cs_client */;

--
-- Dumping data for table `Typing`
--

LOCK TABLES `Typing` WRITE;
/*!40000 ALTER TABLE `Typing` DISABLE KEYS */;
INSERT INTO `Typing` VALUES (1,'Grass','Poison'),(2,'Fire','None'),(3,'Fire','Flying'),(4,'Fire','Dragon'),(5,'Water','None'),(6,'Bug','None'),(7,'Bug','Flying'),(8,'Bug','Poison'),(9,'Normal','Flying'),(10,'Normal','None'),(11,'Dark','Normal'),(12,'Poison','None'),(13,'Electric','None'),(14,'Electric','Psychic'),(15,'Ground','None'),(16,'Ice','Steel'),(17,'Poison','Ground'),(18,'Fairy','None'),(19,'Ice','None'),(20,'Ice','Fairy'),(21,'Normal','Fairy'),(22,'Poison','Flying'),(23,'Bug','Grass'),(24,'Ground','Steel'),(25,'Dark','None'),(26,'Steel','None'),(27,'Fighting','None'),(28,'Water','Fighting'),(29,'Psychic','None'),(30,'Water','Poison'),(31,'Rock','Ground'),(32,'Rock','Electric'),(33,'Psychic','Fairy'),(34,'Water','Psychic'),(35,'Electric','Steel'),(36,'Water','Ice'),(37,'Poison','Dark'),(38,'Ghost','Poison'),(39,'Grass','Psychic'),(40,'Grass','Dragon'),(41,'Fire','Ghost'),(42,'Poison','Fairy'),(43,'Ground','Rock'),(44,'Grass','None'),(45,'Psychic','Ice'),(46,'Ice','Psychic'),(47,'Water','Flying'),(48,'Water','Dark'),(49,'Rock','Water'),(50,'Rock','Flying'),(51,'Ice','Flying'),(52,'Electric','Flying'),(53,'Dragon','None'),(54,'Dragon','Flying'),(55,'Psychic','Fighting'),(56,'Water','Electric'),(57,'Fairy','Flying'),(58,'Psychic','Flying'),(59,'Electric','Dragon'),(60,'Water','Fairy'),(61,'Rock','None'),(62,'Grass','Flying'),(63,'Water','Ground'),(64,'Dark','Flying'),(65,'Ghost','None'),(66,'Normal','Psychic'),(67,'Bug','Steel'),(68,'Ground','Flying'),(69,'Steel','Ground'),(70,'Bug','Rock'),(71,'Bug','Fighting'),(72,'Dark','Ice'),(73,'Fire','Rock'),(74,'Ice','Ground'),(75,'Water','Rock'),(76,'Steel','Flying'),(77,'Dark','Fire'),(78,'Water','Dragon'),(79,'Rock','Dark'),(80,'Psychic','Grass'),(81,'Fire','Fighting'),(82,'Water','Grass'),(83,'Grass','Dark'),(84,'Bug','Water'),(85,'Grass','Fighting'),(86,'Bug','Ground'),(87,'Bug','Ghost'),(88,'Dark','Ghost'),(89,'Steel','Fairy'),(90,'Steel','Rock'),(91,'Fighting','Psychic'),(92,'Fire','Ground'),(93,'Ground','Dragon'),(94,'Dragon','Fairy'),(95,'Rock','Psychic'),(96,'Ground','Psychic'),(97,'Rock','Grass'),(98,'Rock','Bug'),(99,'Ice','Water'),(100,'Steel','Psychic'),(101,'Dragon','Psychic'),(102,'Ground','Fire'),(103,'Grass','Ground'),(104,'Water','Steel'),(105,'Normal','Water'),(106,'Rock','Steel'),(107,'Ghost','Flying'),(108,'Normal','Fighting'),(109,'Ghost','Dark'),(110,'Dragon','Ground'),(111,'Fighting','Steel'),(112,'Poison','Bug'),(113,'Poison','Fighting'),(114,'Grass','Ice'),(115,'Ice','Ghost'),(116,'Electric','Ghost'),(117,'Electric','Fire'),(118,'Electric','Water'),(119,'Electric','Ice'),(120,'Electric','Grass'),(121,'Steel','Dragon'),(122,'Fire','Steel'),(123,'Ghost','Dragon'),(124,'Psychic','Fire'),(125,'Grass','Fairy'),(126,'Ground','Dark'),(127,'Fire','Psychic'),(128,'Ice','Fire'),(129,'Dark','Fighting'),(130,'Ground','Ghost'),(131,'Normal','Grass'),(132,'Water','Ghost'),(133,'Bug','Electric'),(134,'Grass','Steel'),(135,'Ghost','Fire'),(136,'Ground','Electric'),(137,'Dark','Steel'),(138,'Dark','Dragon'),(139,'Bug','Fire'),(140,'Steel','Fighting'),(141,'Rock','Fighting'),(142,'Flying','None'),(143,'Dragon','Fire'),(144,'Dragon','Electric'),(145,'Dragon','Ice'),(146,'Normal','Ground'),(147,'Fire','Normal'),(148,'Fighting','Dark'),(149,'Steel','Ghost'),(150,'Dark','Psychic'),(151,'Poison','Water'),(152,'Poison','Dragon'),(153,'Electric','Normal'),(154,'Rock','Dragon'),(155,'Rock','Ice'),(156,'Fighting','Flying'),(157,'Electric','Fairy'),(158,'Rock','Fairy'),(159,'Ghost','Grass'),(160,'Flying','Dragon'),(161,'Psychic','Ghost'),(162,'Psychic','Dark'),(163,'Fire','Water'),(164,'Grass','Ghost'),(165,'Fire','Dark'),(166,'Fighting','Ice'),(167,'Bug','Fairy'),(168,'Water','Bug'),(169,'Poison','Fire'),(170,'Ghost','Ground'),(171,'Ghost','Fairy'),(172,'Normal','Dragon'),(173,'Dragon','Fighting'),(174,'Psychic','Steel'),(175,'Rock','Poison'),(176,'Psychic','Dragon'),(177,'Fighting','Ghost'),(178,'Flying','Steel'),(179,'Bug','Psychic'),(180,'Rock','Fire'),(181,'Flying','Water'),(182,'Electric','Poison'),(183,'Fire','Bug'),(184,'Dark','Fairy'),(185,'Ice','Bug'),(186,'Psychic','Normal'),(187,'Electric','Dark'),(188,'Dragon','Ghost'),(189,'Fairy','Steel');
/*!40000 ALTER TABLE `Typing` ENABLE KEYS */;
UNLOCK TABLES;
/*!40103 SET TIME_ZONE=@OLD_TIME_ZONE */;

/*!40101 SET SQL_MODE=@OLD_SQL_MODE */;
/*!40014 SET FOREIGN_KEY_CHECKS=@OLD_FOREIGN_KEY_CHECKS */;
/*!40014 SET UNIQUE_CHECKS=@OLD_UNIQUE_CHECKS */;
/*!40101 SET CHARACTER_SET_CLIENT=@OLD_CHARACTER_SET_CLIENT */;
/*!40101 SET CHARACTER_SET_RESULTS=@OLD_CHARACTER_SET_RESULTS */;
/*!40101 SET COLLATION_CONNECTION=@OLD_COLLATION_CONNECTION */;
/*!40111 SET SQL_NOTES=@OLD_SQL_NOTES */;

-- Dump completed on 2021-11-17 23:59:29
